,201326087,201729291,201730316,201730061,201729552,201729813,201728285,201716770,201516581,201729573,201730085,201729325,201730352,201729587,201711676,201730366,201729855,201711683,201729861,201730117,201728330,201729620,201715803,201413735,201728104,201714537,201728361,201713771,201728873,201729386,201632622,201730414,201728762,201714545,201730677,201532025,201729662,201729666,201730444,201729424,201728408,201712539,201630875,201729691,201714339,201728935,201729959,201729714,201730739,201730244,201629894,201729735,201729484,201711824,201729751,201633241,201728985,201729509,201716712,201729263,201729519,201730032,201730040,201713146
201326087,0.0,0.5789473684210527,0.6111111111111112,0.42105263157894735,0.4444444444444444,0.5789473684210527,0.47368421052631576,0.10526315789473684,0.5789473684210527,0.4444444444444444,0.47368421052631576,0.631578947368421,0.47368421052631576,0.5,0.2777777777777778,0.6666666666666666,0.5789473684210527,0.6111111111111112,0.42105263157894735,0.10526315789473684,0.47368421052631576,0.2777777777777778,0.4444444444444444,0.42105263157894735,0.4444444444444444,0.5789473684210527,0.6111111111111112,0.7333333333333333,0.5,0.6111111111111112,0.631578947368421,0.42105263157894735,0.42105263157894735,0.2631578947368421,0.42105263157894735,0.4444444444444444,0.5789473684210527,0.5789473684210527,0.10526315789473684,0.42105263157894735,0.5789473684210527,0.5789473684210527,0.47368421052631576,0.47368421052631576,0.6111111111111112,0.42105263157894735,0.5,0.631578947368421,0.42105263157894735,0.6111111111111112,0.47368421052631576,0.6111111111111112,0.5789473684210527,0.6111111111111112,0.5,0.6111111111111112,0.10526315789473684,0.10526315789473684,0.42105263157894735,0.4444444444444444,0.5789473684210527,0.4444444444444444,0.29411764705882354,0.0
201729291,0.5789473684210527,0.0,0.5,0.42105263157894735,0.4444444444444444,0.631578947368421,0.42105263157894735,0.2631578947368421,0.42105263157894735,0.4444444444444444,0.42105263157894735,0.5789473684210527,0.42105263157894735,0.4444444444444444,0.3333333333333333,0.6111111111111112,0.631578947368421,0.6111111111111112,0.47368421052631576,0.10526315789473684,0.42105263157894735,0.2777777777777778,0.4444444444444444,0.47368421052631576,0.5,0.7368421052631579,0.4444444444444444,0.9333333333333333,0.4444444444444444,0.6666666666666666,0.42105263157894735,0.42105263157894735,0.47368421052631576,0.2631578947368421,0.47368421052631576,0.5,0.7368421052631579,0.7368421052631579,0.10526315789473684,0.5789473684210527,0.631578947368421,0.7368421052631579,0.42105263157894735,0.42105263157894735,0.7777777777777778,0.47368421052631576,0.4444444444444444,0.5789473684210527,0.47368421052631576,0.5,0.42105263157894735,0.6111111111111112,0.47368421052631576,0.7777777777777778,0.4444444444444444,0.6111111111111112,0.10526315789473684,0.10526315789473684,0.631578947368421,0.4444444444444444,0.631578947368421,0.4444444444444444,0.29411764705882354,0.0
201730316,0.6111111111111112,0.5,0.0,0.4444444444444444,0.4444444444444444,0.5,0.2777777777777778,0.1111111111111111,0.6111111111111112,0.4444444444444444,0.4444444444444444,0.4444444444444444,0.4444444444444444,0.4444444444444444,0.5,0.4444444444444444,0.5,0.4444444444444444,0.5,0.1111111111111111,0.4444444444444444,0.2777777777777778,0.4444444444444444,0.6666666666666666,0.5,0.4444444444444444,0.6111111111111112,0.5333333333333333,0.4444444444444444,0.5,0.6111111111111112,0.4444444444444444,0.5,0.2777777777777778,0.5,0.6666666666666666,0.4444444444444444,0.4444444444444444,0.1111111111111111,0.6111111111111112,0.5,0.4444444444444444,0.4444444444444444,0.4444444444444444,0.4444444444444444,0.5,0.4444444444444444,0.4444444444444444,0.5,0.6666666666666666,0.4444444444444444,0.4444444444444444,0.8333333333333334,0.4444444444444444,0.4444444444444444,0.4444444444444444,0.1111111111111111,0.1111111111111111,0.5,0.6111111111111112,0.5,0.4444444444444444,0.11764705882352941,0.0
201730061,0.42105263157894735,0.42105263157894735,0.4444444444444444,0.0,0.5,0.42105263157894735,0.2631578947368421,0.1,0.631578947368421,0.5,0.631578947368421,0.4,0.7368421052631579,0.6111111111111112,0.2777777777777778,0.4444444444444444,0.42105263157894735,0.4444444444444444,0.42105263157894735,0.1,0.42105263157894735,0.5,0.6111111111111112,0.42105263157894735,0.7777777777777778,0.47368421052631576,0.6666666666666666,0.6,0.7777777777777778,0.4444444444444444,0.5789473684210527,0.8,0.42105263157894735,0.4,0.7368421052631579,0.4444444444444444,0.5,0.5,0.1,0.42105263157894735,0.42105263157894735,0.42105263157894735,0.55,0.5789473684210527,0.5,0.42105263157894735,0.6111111111111112,0.4,0.7,0.4444444444444444,0.6,0.5,0.42105263157894735,0.5,0.6111111111111112,0.4444444444444444,0.1,0.1,0.55,0.6111111111111112,0.42105263157894735,0.6111111111111112,0.11764705882352941,0.0
201729552,0.4444444444444444,0.4444444444444444,0.4444444444444444,0.5,0.0,0.6111111111111112,0.2777777777777778,0.1111111111111111,0.5,0.6666666666666666,0.4444444444444444,0.6111111111111112,0.4444444444444444,0.4444444444444444,0.2777777777777778,0.6111111111111112,0.4444444444444444,0.6111111111111112,0.6111111111111112,0.1111111111111111,0.6111111111111112,0.3333333333333333,0.4444444444444444,0.6111111111111112,0.4444444444444444,0.5,0.6666666666666666,0.6,0.4444444444444444,0.4444444444444444,0.4444444444444444,0.5,0.6111111111111112,0.2777777777777778,0.4444444444444444,0.6111111111111112,0.5,0.5,0.1111111111111111,0.4444444444444444,0.6111111111111112,0.4444444444444444,0.4444444444444444,0.4444444444444444,0.5,0.6111111111111112,0.4444444444444444,0.6111111111111112,0.4444444444444444,0.4444444444444444,0.4444444444444444,0.6666666666666666,0.4444444444444444,0.5,0.4444444444444444,0.6111111111111112,0.1111111111111111,0.1111111111111111,0.4444444444444444,0.4444444444444444,0.6111111111111112,0.4444444444444444,0.29411764705882354,0.0
201729813,0.5789473684210527,0.631578947368421,0.5,0.42105263157894735,0.6111111111111112,0.0,0.42105263157894735,0.10526315789473684,0.42105263157894735,0.6111111111111112,0.42105263157894735,0.7368421052631579,0.47368421052631576,0.4444444444444444,0.3333333333333333,0.7777777777777778,0.631578947368421,0.7777777777777778,0.631578947368421,0.10526315789473684,0.5789473684210527,0.2777777777777778,0.4444444444444444,0.631578947368421,0.5,0.5789473684210527,0.4444444444444444,0.7333333333333333,0.4444444444444444,0.6666666666666666,0.47368421052631576,0.42105263157894735,0.631578947368421,0.2631578947368421,0.47368421052631576,0.6666666666666666,0.5789473684210527,0.5789473684210527,0.10526315789473684,0.42105263157894735,0.7894736842105263,0.7368421052631579,0.42105263157894735,0.42105263157894735,0.6111111111111112,0.631578947368421,0.4444444444444444,0.7368421052631579,0.47368421052631576,0.5,0.42105263157894735,0.7777777777777778,0.47368421052631576,0.6111111111111112,0.4444444444444444,0.7777777777777778,0.10526315789473684,0.10526315789473684,0.47368421052631576,0.4444444444444444,0.7894736842105263,0.4444444444444444,0.47058823529411764,0.0
201728285,0.47368421052631576,0.42105263157894735,0.2777777777777778,0.2631578947368421,0.2777777777777778,0.42105263157894735,0.0,0.10526315789473684,0.2631578947368421,0.2777777777777778,0.3157894736842105,0.47368421052631576,0.3157894736842105,0.3333333333333333,0.4444444444444444,0.5,0.42105263157894735,0.4444444444444444,0.2631578947368421,0.10526315789473684,0.3157894736842105,0.1111111111111111,0.2777777777777778,0.2631578947368421,0.2777777777777778,0.42105263157894735,0.2777777777777778,0.5333333333333333,0.3333333333333333,0.4444444444444444,0.3157894736842105,0.2631578947368421,0.2631578947368421,0.2631578947368421,0.2631578947368421,0.2777777777777778,0.42105263157894735,0.42105263157894735,0.10526315789473684,0.2631578947368421,0.42105263157894735,0.42105263157894735,0.3157894736842105,0.3157894736842105,0.4444444444444444,0.2631578947368421,0.3333333333333333,0.47368421052631576,0.2631578947368421,0.2777777777777778,0.3157894736842105,0.4444444444444444,0.2631578947368421,0.4444444444444444,0.3333333333333333,0.4444444444444444,0.10526315789473684,0.10526315789473684,0.2631578947368421,0.2777777777777778,0.42105263157894735,0.2777777777777778,0.29411764705882354,0.0
201716770,0.10526315789473684,0.2631578947368421,0.1111111111111111,0.1,0.1111111111111111,0.10526315789473684,0.10526315789473684,0.0,0.10526315789473684,0.1111111111111111,0.10526315789473684,0.1,0.10526315789473684,0.1111111111111111,0.1111111111111111,0.1111111111111111,0.10526315789473684,0.1111111111111111,0.10526315789473684,0.1,0.10526315789473684,0.1111111111111111,0.1111111111111111,0.10526315789473684,0.1111111111111111,0.2631578947368421,0.1111111111111111,0.3333333333333333,0.1111111111111111,0.1111111111111111,0.10526315789473684,0.1,0.10526315789473684,0.1,0.10526315789473684,0.1111111111111111,0.25,0.25,0.1,0.2631578947368421,0.10526315789473684,0.2631578947368421,0.1,0.10526315789473684,0.2777777777777778,0.10526315789473684,0.1111111111111111,0.1,0.1,0.1111111111111111,0.1,0.1111111111111111,0.10526315789473684,0.2777777777777778,0.1111111111111111,0.1111111111111111,0.1,0.1,0.1,0.1111111111111111,0.10526315789473684,0.1111111111111111,0.11764705882352941,0.0
201516581,0.5789473684210527,0.42105263157894735,0.6111111111111112,0.631578947368421,0.5,0.42105263157894735,0.2631578947368421,0.10526315789473684,0.0,0.5,0.5789473684210527,0.42105263157894735,0.5789473684210527,0.6111111111111112,0.2777777777777778,0.4444444444444444,0.42105263157894735,0.4444444444444444,0.42105263157894735,0.10526315789473684,0.42105263157894735,0.5,0.6111111111111112,0.42105263157894735,0.6111111111111112,0.47368421052631576,0.8333333333333334,0.6,0.6111111111111112,0.4444444444444444,0.7368421052631579,0.7894736842105263,0.42105263157894735,0.42105263157894735,0.5789473684210527,0.4444444444444444,0.47368421052631576,0.47368421052631576,0.10526315789473684,0.42105263157894735,0.42105263157894735,0.42105263157894735,0.5789473684210527,0.5789473684210527,0.5,0.42105263157894735,0.6111111111111112,0.42105263157894735,0.5789473684210527,0.4444444444444444,0.5789473684210527,0.5,0.5789473684210527,0.5,0.6111111111111112,0.4444444444444444,0.10526315789473684,0.10526315789473684,0.5789473684210527,0.4444444444444444,0.42105263157894735,0.6111111111111112,0.11764705882352941,0.0
201729573,0.4444444444444444,0.4444444444444444,0.4444444444444444,0.5,0.6666666666666666,0.6111111111111112,0.2777777777777778,0.1111111111111111,0.5,0.0,0.4444444444444444,0.6111111111111112,0.4444444444444444,0.4444444444444444,0.2777777777777778,0.6111111111111112,0.4444444444444444,0.6111111111111112,0.6111111111111112,0.2777777777777778,0.6111111111111112,0.3333333333333333,0.4444444444444444,0.6111111111111112,0.4444444444444444,0.5,0.5,0.6,0.4444444444444444,0.4444444444444444,0.4444444444444444,0.5,0.6111111111111112,0.2777777777777778,0.4444444444444444,0.6111111111111112,0.5,0.5,0.1111111111111111,0.4444444444444444,0.7777777777777778,0.4444444444444444,0.4444444444444444,0.4444444444444444,0.5,0.6111111111111112,0.4444444444444444,0.6111111111111112,0.4444444444444444,0.4444444444444444,0.4444444444444444,0.6666666666666666,0.4444444444444444,0.5,0.4444444444444444,0.6111111111111112,0.1111111111111111,0.1111111111111111,0.4444444444444444,0.4444444444444444,0.6111111111111112,0.4444444444444444,0.29411764705882354,0.0
201730085,0.47368421052631576,0.42105263157894735,0.4444444444444444,0.631578947368421,0.4444444444444444,0.42105263157894735,0.3157894736842105,0.10526315789473684,0.5789473684210527,0.4444444444444444,0.0,0.47368421052631576,0.631578947368421,0.6666666666666666,0.4444444444444444,0.5,0.5789473684210527,0.4444444444444444,0.42105263157894735,0.10526315789473684,0.47368421052631576,0.4444444444444444,0.6111111111111112,0.42105263157894735,0.6111111111111112,0.42105263157894735,0.6111111111111112,0.5333333333333333,0.6666666666666666,0.6111111111111112,0.631578947368421,0.631578947368421,0.42105263157894735,0.42105263157894735,0.5789473684210527,0.4444444444444444,0.42105263157894735,0.42105263157894735,0.10526315789473684,0.42105263157894735,0.42105263157894735,0.42105263157894735,0.7894736842105263,0.7894736842105263,0.4444444444444444,0.42105263157894735,0.6666666666666666,0.47368421052631576,0.5789473684210527,0.6111111111111112,1.0,0.4444444444444444,0.42105263157894735,0.4444444444444444,0.8333333333333334,0.4444444444444444,0.10526315789473684,0.10526315789473684,0.7368421052631579,0.4444444444444444,0.42105263157894735,0.6111111111111112,0.11764705882352941,0.0
201729325,0.631578947368421,0.5789473684210527,0.4444444444444444,0.4,0.6111111111111112,0.7368421052631579,0.47368421052631576,0.1,0.42105263157894735,0.6111111111111112,0.47368421052631576,0.0,0.631578947368421,0.5,0.2777777777777778,0.8333333333333334,0.5789473684210527,0.7777777777777778,0.631578947368421,0.1,0.631578947368421,0.2777777777777778,0.4444444444444444,0.5789473684210527,0.4444444444444444,0.5789473684210527,0.4444444444444444,0.7333333333333333,0.6666666666666666,0.6111111111111112,0.47368421052631576,0.45,0.5789473684210527,0.25,0.42105263157894735,0.7777777777777778,0.55,0.55,0.1,0.42105263157894735,0.7368421052631579,0.5789473684210527,0.45,0.5263157894736842,0.6111111111111112,0.7368421052631579,0.5,0.75,0.55,0.4444444444444444,0.45,0.7777777777777778,0.42105263157894735,0.6111111111111112,0.5,0.7777777777777778,0.1,0.1,0.45,0.4444444444444444,0.7368421052631579,0.4444444444444444,0.47058823529411764,0.0
201730352,0.47368421052631576,0.42105263157894735,0.4444444444444444,0.7368421052631579,0.4444444444444444,0.47368421052631576,0.3157894736842105,0.10526315789473684,0.5789473684210527,0.4444444444444444,0.631578947368421,0.631578947368421,0.0,0.6666666666666666,0.2777777777777778,0.5,0.42105263157894735,0.4444444444444444,0.42105263157894735,0.10526315789473684,0.47368421052631576,0.4444444444444444,0.6111111111111112,0.42105263157894735,0.7777777777777778,0.42105263157894735,0.6111111111111112,0.5333333333333333,1.0,0.4444444444444444,0.6842105263157895,0.7368421052631579,0.42105263157894735,0.42105263157894735,0.7368421052631579,0.6111111111111112,0.42105263157894735,0.42105263157894735,0.10526315789473684,0.42105263157894735,0.42105263157894735,0.42105263157894735,0.631578947368421,0.631578947368421,0.4444444444444444,0.5789473684210527,0.6666666666666666,0.47368421052631576,0.8947368421052632,0.4444444444444444,0.631578947368421,0.4444444444444444,0.42105263157894735,0.4444444444444444,0.6666666666666666,0.4444444444444444,0.10526315789473684,0.10526315789473684,0.5789473684210527,0.6111111111111112,0.42105263157894735,0.6111111111111112,0.11764705882352941,0.0
201729587,0.5,0.4444444444444444,0.4444444444444444,0.6111111111111112,0.4444444444444444,0.4444444444444444,0.3333333333333333,0.1111111111111111,0.6111111111111112,0.4444444444444444,0.6666666666666666,0.5,0.6666666666666666,0.0,0.2777777777777778,0.6666666666666666,0.4444444444444444,0.4444444444444444,0.4444444444444444,0.1111111111111111,0.5,0.6111111111111112,0.7777777777777778,0.4444444444444444,0.6111111111111112,0.4444444444444444,0.6111111111111112,0.5333333333333333,0.6666666666666666,0.4444444444444444,0.6666666666666666,0.6111111111111112,0.4444444444444444,0.6111111111111112,0.6111111111111112,0.4444444444444444,0.4444444444444444,0.4444444444444444,0.1111111111111111,0.4444444444444444,0.4444444444444444,0.4444444444444444,0.6666666666666666,0.6666666666666666,0.4444444444444444,0.4444444444444444,1.0,0.5,0.6111111111111112,0.4444444444444444,0.6666666666666666,0.4444444444444444,0.4444444444444444,0.4444444444444444,0.6666666666666666,0.4444444444444444,0.1111111111111111,0.1111111111111111,0.6111111111111112,0.4444444444444444,0.4444444444444444,0.9444444444444444,0.11764705882352941,0.0
201711676,0.2777777777777778,0.3333333333333333,0.5,0.2777777777777778,0.2777777777777778,0.3333333333333333,0.4444444444444444,0.1111111111111111,0.2777777777777778,0.2777777777777778,0.4444444444444444,0.2777777777777778,0.2777777777777778,0.2777777777777778,0.0,0.2777777777777778,0.5,0.2777777777777778,0.3333333333333333,0.1111111111111111,0.2777777777777778,0.1111111111111111,0.2777777777777778,0.5,0.3333333333333333,0.2777777777777778,0.2777777777777778,0.3333333333333333,0.2777777777777778,0.5,0.2777777777777778,0.2777777777777778,0.3333333333333333,0.2777777777777778,0.3333333333333333,0.5,0.2777777777777778,0.2777777777777778,0.1111111111111111,0.4444444444444444,0.3333333333333333,0.2777777777777778,0.4444444444444444,0.4444444444444444,0.2777777777777778,0.3333333333333333,0.2777777777777778,0.2777777777777778,0.3333333333333333,0.6666666666666666,0.4444444444444444,0.2777777777777778,0.5,0.2777777777777778,0.4444444444444444,0.2777777777777778,0.1111111111111111,0.1111111111111111,0.5,0.4444444444444444,0.3333333333333333,0.2777777777777778,0.11764705882352941,0.0
201730366,0.6666666666666666,0.6111111111111112,0.4444444444444444,0.4444444444444444,0.6111111111111112,0.7777777777777778,0.5,0.1111111111111111,0.4444444444444444,0.6111111111111112,0.5,0.8333333333333334,0.5,0.6666666666666666,0.2777777777777778,0.0,0.6111111111111112,0.7777777777777778,0.6111111111111112,0.1111111111111111,0.6666666666666666,0.2777777777777778,0.4444444444444444,0.6111111111111112,0.4444444444444444,0.6111111111111112,0.4444444444444444,0.7333333333333333,0.5,0.6111111111111112,0.5,0.4444444444444444,0.6111111111111112,0.2777777777777778,0.4444444444444444,0.6111111111111112,0.6111111111111112,0.6111111111111112,0.1111111111111111,0.4444444444444444,0.7777777777777778,0.6111111111111112,0.5,0.5,0.6111111111111112,0.6111111111111112,0.6666666666666666,0.8333333333333334,0.4444444444444444,0.4444444444444444,0.5,0.7777777777777778,0.4444444444444444,0.6111111111111112,0.5,0.7777777777777778,0.1111111111111111,0.1111111111111111,0.4444444444444444,0.4444444444444444,0.7777777777777778,0.6111111111111112,0.47058823529411764,0.0
201729855,0.5789473684210527,0.631578947368421,0.5,0.42105263157894735,0.4444444444444444,0.631578947368421,0.42105263157894735,0.10526315789473684,0.42105263157894735,0.4444444444444444,0.5789473684210527,0.5789473684210527,0.42105263157894735,0.4444444444444444,0.5,0.6111111111111112,0.0,0.6111111111111112,0.47368421052631576,0.10526315789473684,0.42105263157894735,0.2777777777777778,0.4444444444444444,0.47368421052631576,0.5,0.5789473684210527,0.4444444444444444,0.7333333333333333,0.4444444444444444,0.8333333333333334,0.42105263157894735,0.42105263157894735,0.47368421052631576,0.2631578947368421,0.47368421052631576,0.5,0.5789473684210527,0.5789473684210527,0.10526315789473684,0.42105263157894735,0.631578947368421,0.5789473684210527,0.7368421052631579,0.5789473684210527,0.6111111111111112,0.47368421052631576,0.4444444444444444,0.5789473684210527,0.47368421052631576,0.6666666666666666,0.5789473684210527,0.6111111111111112,0.47368421052631576,0.6111111111111112,0.6111111111111112,0.6111111111111112,0.10526315789473684,0.10526315789473684,0.631578947368421,0.4444444444444444,0.631578947368421,0.4444444444444444,0.29411764705882354,0.0
201711683,0.6111111111111112,0.6111111111111112,0.4444444444444444,0.4444444444444444,0.6111111111111112,0.7777777777777778,0.4444444444444444,0.1111111111111111,0.4444444444444444,0.6111111111111112,0.4444444444444444,0.7777777777777778,0.4444444444444444,0.4444444444444444,0.2777777777777778,0.7777777777777778,0.6111111111111112,0.0,0.6111111111111112,0.1111111111111111,0.6111111111111112,0.2777777777777778,0.5,0.6111111111111112,0.6111111111111112,0.6111111111111112,0.4444444444444444,0.7333333333333333,0.4444444444444444,0.6111111111111112,0.4444444444444444,0.4444444444444444,0.6111111111111112,0.2777777777777778,0.4444444444444444,0.6111111111111112,0.6111111111111112,0.6111111111111112,0.1111111111111111,0.5,0.7777777777777778,0.6666666666666666,0.4444444444444444,0.4444444444444444,0.6111111111111112,0.6111111111111112,0.4444444444444444,0.7777777777777778,0.4444444444444444,0.4444444444444444,0.4444444444444444,0.7777777777777778,0.4444444444444444,0.6111111111111112,0.4444444444444444,0.8333333333333334,0.1111111111111111,0.1111111111111111,0.4444444444444444,0.5,0.7777777777777778,0.5,0.47058823529411764,0.0
201729861,0.42105263157894735,0.47368421052631576,0.5,0.42105263157894735,0.6111111111111112,0.631578947368421,0.2631578947368421,0.10526315789473684,0.42105263157894735,0.6111111111111112,0.42105263157894735,0.631578947368421,0.42105263157894735,0.4444444444444444,0.3333333333333333,0.6111111111111112,0.47368421052631576,0.6111111111111112,0.0,0.10526315789473684,0.5789473684210527,0.2777777777777778,0.4444444444444444,0.631578947368421,0.5,0.42105263157894735,0.4444444444444444,0.5333333333333333,0.4444444444444444,0.5,0.42105263157894735,0.47368421052631576,0.631578947368421,0.2631578947368421,0.47368421052631576,0.6666666666666666,0.42105263157894735,0.42105263157894735,0.10526315789473684,0.42105263157894735,0.631578947368421,0.42105263157894735,0.42105263157894735,0.42105263157894735,0.4444444444444444,0.7894736842105263,0.4444444444444444,0.5789473684210527,0.47368421052631576,0.5,0.42105263157894735,0.6111111111111112,0.47368421052631576,0.4444444444444444,0.4444444444444444,0.6111111111111112,0.10526315789473684,0.10526315789473684,0.5263157894736842,0.4444444444444444,0.631578947368421,0.4444444444444444,0.29411764705882354,0.0
201730117,0.10526315789473684,0.10526315789473684,0.1111111111111111,0.1,0.1111111111111111,0.10526315789473684,0.10526315789473684,0.1,0.10526315789473684,0.2777777777777778,0.10526315789473684,0.1,0.10526315789473684,0.1111111111111111,0.1111111111111111,0.1111111111111111,0.10526315789473684,0.1111111111111111,0.10526315789473684,0.0,0.10526315789473684,0.1111111111111111,0.1111111111111111,0.10526315789473684,0.1111111111111111,0.10526315789473684,0.1111111111111111,0.13333333333333333,0.1111111111111111,0.1111111111111111,0.10526315789473684,0.1,0.10526315789473684,0.1,0.10526315789473684,0.1111111111111111,0.1,0.1,0.25,0.10526315789473684,0.10526315789473684,0.10526315789473684,0.1,0.10526315789473684,0.1111111111111111,0.10526315789473684,0.1111111111111111,0.1,0.1,0.1111111111111111,0.1,0.1111111111111111,0.10526315789473684,0.1111111111111111,0.1111111111111111,0.1111111111111111,0.55,0.25,0.1,0.1111111111111111,0.10526315789473684,0.1111111111111111,0.11764705882352941,0.0
201728330,0.47368421052631576,0.42105263157894735,0.4444444444444444,0.42105263157894735,0.6111111111111112,0.5789473684210527,0.3157894736842105,0.10526315789473684,0.42105263157894735,0.6111111111111112,0.47368421052631576,0.631578947368421,0.47368421052631576,0.5,0.2777777777777778,0.6666666666666666,0.42105263157894735,0.6111111111111112,0.5789473684210527,0.10526315789473684,0.0,0.2777777777777778,0.4444444444444444,0.7894736842105263,0.4444444444444444,0.42105263157894735,0.4444444444444444,0.5333333333333333,0.5,0.4444444444444444,0.47368421052631576,0.42105263157894735,0.5789473684210527,0.47368421052631576,0.42105263157894735,0.6111111111111112,0.42105263157894735,0.42105263157894735,0.42105263157894735,0.42105263157894735,0.5789473684210527,0.42105263157894735,0.47368421052631576,0.47368421052631576,0.4444444444444444,0.5789473684210527,0.5,0.7894736842105263,0.42105263157894735,0.4444444444444444,0.47368421052631576,0.6111111111111112,0.42105263157894735,0.4444444444444444,0.5,0.6111111111111112,0.10526315789473684,0.42105263157894735,0.42105263157894735,0.4444444444444444,0.5789473684210527,0.4444444444444444,0.29411764705882354,0.05263157894736842
201729620,0.2777777777777778,0.2777777777777778,0.2777777777777778,0.5,0.3333333333333333,0.2777777777777778,0.1111111111111111,0.1111111111111111,0.5,0.3333333333333333,0.4444444444444444,0.2777777777777778,0.4444444444444444,0.6111111111111112,0.1111111111111111,0.2777777777777778,0.2777777777777778,0.2777777777777778,0.2777777777777778,0.1111111111111111,0.2777777777777778,0.0,0.6111111111111112,0.2777777777777778,0.4444444444444444,0.3333333333333333,0.5,0.4,0.4444444444444444,0.2777777777777778,0.4444444444444444,0.5,0.2777777777777778,0.4444444444444444,0.4444444444444444,0.2777777777777778,0.3333333333333333,0.3333333333333333,0.1111111111111111,0.2777777777777778,0.2777777777777778,0.2777777777777778,0.4444444444444444,0.4444444444444444,0.3333333333333333,0.2777777777777778,0.6111111111111112,0.2777777777777778,0.4444444444444444,0.2777777777777778,0.4444444444444444,0.3333333333333333,0.2777777777777778,0.3333333333333333,0.4444444444444444,0.2777777777777778,0.1111111111111111,0.1111111111111111,0.4444444444444444,0.2777777777777778,0.2777777777777778,0.6111111111111112,0.11764705882352941,0.0
201715803,0.4444444444444444,0.4444444444444444,0.4444444444444444,0.6111111111111112,0.4444444444444444,0.4444444444444444,0.2777777777777778,0.1111111111111111,0.6111111111111112,0.4444444444444444,0.6111111111111112,0.4444444444444444,0.6111111111111112,0.7777777777777778,0.2777777777777778,0.4444444444444444,0.4444444444444444,0.5,0.4444444444444444,0.1111111111111111,0.4444444444444444,0.6111111111111112,0.0,0.4444444444444444,0.6111111111111112,0.4444444444444444,0.6111111111111112,0.5333333333333333,0.6111111111111112,0.4444444444444444,0.6111111111111112,0.6111111111111112,0.4444444444444444,0.6111111111111112,0.6111111111111112,0.4444444444444444,0.4444444444444444,0.4444444444444444,0.1111111111111111,0.5,0.4444444444444444,0.5,0.6111111111111112,0.6111111111111112,0.4444444444444444,0.4444444444444444,0.7777777777777778,0.4444444444444444,0.6111111111111112,0.4444444444444444,0.6111111111111112,0.4444444444444444,0.4444444444444444,0.4444444444444444,0.6111111111111112,0.5,0.1111111111111111,0.1111111111111111,0.6111111111111112,0.5,0.4444444444444444,0.8333333333333334,0.11764705882352941,0.0
201413735,0.42105263157894735,0.47368421052631576,0.6666666666666666,0.42105263157894735,0.6111111111111112,0.631578947368421,0.2631578947368421,0.10526315789473684,0.42105263157894735,0.6111111111111112,0.42105263157894735,0.5789473684210527,0.42105263157894735,0.4444444444444444,0.5,0.6111111111111112,0.47368421052631576,0.6111111111111112,0.631578947368421,0.10526315789473684,0.7894736842105263,0.2777777777777778,0.4444444444444444,0.0,0.5,0.42105263157894735,0.4444444444444444,0.5333333333333333,0.4444444444444444,0.5,0.42105263157894735,0.42105263157894735,0.631578947368421,0.47368421052631576,0.47368421052631576,0.8333333333333334,0.42105263157894735,0.42105263157894735,0.2631578947368421,0.5789473684210527,0.631578947368421,0.42105263157894735,0.42105263157894735,0.42105263157894735,0.4444444444444444,0.631578947368421,0.4444444444444444,0.7368421052631579,0.47368421052631576,0.6666666666666666,0.42105263157894735,0.6111111111111112,0.631578947368421,0.4444444444444444,0.4444444444444444,0.6111111111111112,0.10526315789473684,0.2631578947368421,0.47368421052631576,0.6111111111111112,0.631578947368421,0.4444444444444444,0.29411764705882354,0.05263157894736842
201728104,0.4444444444444444,0.5,0.5,0.7777777777777778,0.4444444444444444,0.5,0.2777777777777778,0.1111111111111111,0.6111111111111112,0.4444444444444444,0.6111111111111112,0.4444444444444444,0.7777777777777778,0.6111111111111112,0.3333333333333333,0.4444444444444444,0.5,0.6111111111111112,0.5,0.1111111111111111,0.4444444444444444,0.4444444444444444,0.6111111111111112,0.5,0.0,0.4444444444444444,0.6111111111111112,0.5333333333333333,0.7777777777777778,0.5,0.6111111111111112,0.7777777777777778,0.5,0.4444444444444444,0.8333333333333334,0.5,0.4444444444444444,0.4444444444444444,0.1111111111111111,0.4444444444444444,0.5,0.4444444444444444,0.6111111111111112,0.6111111111111112,0.4444444444444444,0.5,0.6111111111111112,0.4444444444444444,0.8333333333333334,0.5,0.6111111111111112,0.4444444444444444,0.5,0.4444444444444444,0.6111111111111112,0.4444444444444444,0.1111111111111111,0.1111111111111111,0.6666666666666666,0.6111111111111112,0.5,0.6111111111111112,0.11764705882352941,0.0
201714537,0.5789473684210527,0.7368421052631579,0.4444444444444444,0.47368421052631576,0.5,0.5789473684210527,0.42105263157894735,0.2631578947368421,0.47368421052631576,0.5,0.42105263157894735,0.5789473684210527,0.42105263157894735,0.4444444444444444,0.2777777777777778,0.6111111111111112,0.5789473684210527,0.6111111111111112,0.42105263157894735,0.10526315789473684,0.42105263157894735,0.3333333333333333,0.4444444444444444,0.42105263157894735,0.4444444444444444,0.0,0.5,1.0,0.4444444444444444,0.6111111111111112,0.42105263157894735,0.47368421052631576,0.42105263157894735,0.2631578947368421,0.42105263157894735,0.4444444444444444,0.8421052631578947,0.8421052631578947,0.10526315789473684,0.631578947368421,0.5789473684210527,0.7894736842105263,0.42105263157894735,0.42105263157894735,0.8333333333333334,0.42105263157894735,0.4444444444444444,0.5789473684210527,0.42105263157894735,0.4444444444444444,0.42105263157894735,0.6666666666666666,0.42105263157894735,1.0,0.4444444444444444,0.6111111111111112,0.10526315789473684,0.10526315789473684,0.42105263157894735,0.4444444444444444,0.5789473684210527,0.4444444444444444,0.29411764705882354,0.0
201728361,0.6111111111111112,0.4444444444444444,0.6111111111111112,0.6666666666666666,0.6666666666666666,0.4444444444444444,0.2777777777777778,0.1111111111111111,0.8333333333333334,0.5,0.6111111111111112,0.4444444444444444,0.6111111111111112,0.6111111111111112,0.2777777777777778,0.4444444444444444,0.4444444444444444,0.4444444444444444,0.4444444444444444,0.1111111111111111,0.4444444444444444,0.5,0.6111111111111112,0.4444444444444444,0.6111111111111112,0.5,0.0,0.6,0.6111111111111112,0.4444444444444444,0.7777777777777778,0.6666666666666666,0.4444444444444444,0.4444444444444444,0.6111111111111112,0.4444444444444444,0.5,0.5,0.1111111111111111,0.4444444444444444,0.4444444444444444,0.4444444444444444,0.6111111111111112,0.6111111111111112,0.5,0.4444444444444444,0.6111111111111112,0.4444444444444444,0.6111111111111112,0.4444444444444444,0.6111111111111112,0.5,0.6111111111111112,0.5,0.6111111111111112,0.4444444444444444,0.1111111111111111,0.1111111111111111,0.6111111111111112,0.4444444444444444,0.4444444444444444,0.6111111111111112,0.11764705882352941,0.0
201713771,0.7333333333333333,0.9333333333333333,0.5333333333333333,0.6,0.6,0.7333333333333333,0.5333333333333333,0.3333333333333333,0.6,0.6,0.5333333333333333,0.7333333333333333,0.5333333333333333,0.5333333333333333,0.3333333333333333,0.7333333333333333,0.7333333333333333,0.7333333333333333,0.5333333333333333,0.13333333333333333,0.5333333333333333,0.4,0.5333333333333333,0.5333333333333333,0.5333333333333333,1.0,0.6,0.0,0.5333333333333333,0.7333333333333333,0.5333333333333333,0.6,0.5333333333333333,0.3333333333333333,0.5333333333333333,0.5333333333333333,1.0,1.0,0.13333333333333333,0.7333333333333333,0.7333333333333333,0.9333333333333333,0.5333333333333333,0.5333333333333333,1.0,0.5333333333333333,0.5333333333333333,0.7333333333333333,0.5333333333333333,0.5333333333333333,0.5333333333333333,0.8,0.5333333333333333,1.0,0.5333333333333333,0.7333333333333333,0.13333333333333333,0.13333333333333333,0.5333333333333333,0.5333333333333333,0.7333333333333333,0.5333333333333333,0.3333333333333333,0.0
201728873,0.5,0.4444444444444444,0.4444444444444444,0.7777777777777778,0.4444444444444444,0.4444444444444444,0.3333333333333333,0.1111111111111111,0.6111111111111112,0.4444444444444444,0.6666666666666666,0.6666666666666666,1.0,0.6666666666666666,0.2777777777777778,0.5,0.4444444444444444,0.4444444444444444,0.4444444444444444,0.1111111111111111,0.5,0.4444444444444444,0.6111111111111112,0.4444444444444444,0.7777777777777778,0.4444444444444444,0.6111111111111112,0.5333333333333333,0.0,0.4444444444444444,0.6666666666666666,0.7777777777777778,0.4444444444444444,0.4444444444444444,0.7777777777777778,0.6111111111111112,0.4444444444444444,0.4444444444444444,0.1111111111111111,0.4444444444444444,0.4444444444444444,0.4444444444444444,0.6666666666666666,0.6666666666666666,0.4444444444444444,0.6111111111111112,0.6666666666666666,0.5,0.9444444444444444,0.4444444444444444,0.6666666666666666,0.4444444444444444,0.4444444444444444,0.4444444444444444,0.6666666666666666,0.4444444444444444,0.1111111111111111,0.1111111111111111,0.6111111111111112,0.6111111111111112,0.4444444444444444,0.6111111111111112,0.11764705882352941,0.0
201729386,0.6111111111111112,0.6666666666666666,0.5,0.4444444444444444,0.4444444444444444,0.6666666666666666,0.4444444444444444,0.1111111111111111,0.4444444444444444,0.4444444444444444,0.6111111111111112,0.6111111111111112,0.4444444444444444,0.4444444444444444,0.5,0.6111111111111112,0.8333333333333334,0.6111111111111112,0.5,0.1111111111111111,0.4444444444444444,0.2777777777777778,0.4444444444444444,0.5,0.5,0.6111111111111112,0.4444444444444444,0.7333333333333333,0.4444444444444444,0.0,0.4444444444444444,0.4444444444444444,0.5,0.2777777777777778,0.5,0.5,0.6111111111111112,0.6111111111111112,0.1111111111111111,0.4444444444444444,0.6666666666666666,0.6111111111111112,0.6111111111111112,0.6111111111111112,0.7777777777777778,0.5,0.4444444444444444,0.6111111111111112,0.5,0.6666666666666666,0.6111111111111112,0.6111111111111112,0.6666666666666666,0.6111111111111112,0.6111111111111112,0.6111111111111112,0.1111111111111111,0.1111111111111111,0.6666666666666666,0.4444444444444444,0.6666666666666666,0.4444444444444444,0.29411764705882354,0.0
201632622,0.631578947368421,0.42105263157894735,0.6111111111111112,0.5789473684210527,0.4444444444444444,0.47368421052631576,0.3157894736842105,0.10526315789473684,0.7368421052631579,0.4444444444444444,0.631578947368421,0.47368421052631576,0.6842105263157895,0.6666666666666666,0.2777777777777778,0.5,0.42105263157894735,0.4444444444444444,0.42105263157894735,0.10526315789473684,0.47368421052631576,0.4444444444444444,0.6111111111111112,0.42105263157894735,0.6111111111111112,0.42105263157894735,0.7777777777777778,0.5333333333333333,0.6666666666666666,0.4444444444444444,0.0,0.5789473684210527,0.42105263157894735,0.42105263157894735,0.5789473684210527,0.4444444444444444,0.42105263157894735,0.42105263157894735,0.10526315789473684,0.42105263157894735,0.42105263157894735,0.42105263157894735,0.631578947368421,0.631578947368421,0.4444444444444444,0.42105263157894735,0.6666666666666666,0.47368421052631576,0.5789473684210527,0.4444444444444444,0.631578947368421,0.4444444444444444,0.5789473684210527,0.4444444444444444,0.6666666666666666,0.4444444444444444,0.10526315789473684,0.10526315789473684,0.5789473684210527,0.4444444444444444,0.42105263157894735,0.6111111111111112,0.11764705882352941,0.0
201730414,0.42105263157894735,0.42105263157894735,0.4444444444444444,0.8,0.5,0.42105263157894735,0.2631578947368421,0.1,0.7894736842105263,0.5,0.631578947368421,0.45,0.7368421052631579,0.6111111111111112,0.2777777777777778,0.4444444444444444,0.42105263157894735,0.4444444444444444,0.47368421052631576,0.1,0.42105263157894735,0.5,0.6111111111111112,0.42105263157894735,0.7777777777777778,0.47368421052631576,0.6666666666666666,0.6,0.7777777777777778,0.4444444444444444,0.5789473684210527,0.0,0.42105263157894735,0.4,0.7368421052631579,0.4444444444444444,0.45,0.45,0.1,0.42105263157894735,0.42105263157894735,0.42105263157894735,0.55,0.5789473684210527,0.5,0.42105263157894735,0.6111111111111112,0.4,0.7,0.4444444444444444,0.6,0.5,0.42105263157894735,0.5,0.6111111111111112,0.4444444444444444,0.1,0.1,0.6,0.6111111111111112,0.42105263157894735,0.6111111111111112,0.11764705882352941,0.0
201728762,0.42105263157894735,0.47368421052631576,0.5,0.42105263157894735,0.6111111111111112,0.631578947368421,0.2631578947368421,0.10526315789473684,0.42105263157894735,0.6111111111111112,0.42105263157894735,0.5789473684210527,0.42105263157894735,0.4444444444444444,0.3333333333333333,0.6111111111111112,0.47368421052631576,0.6111111111111112,0.631578947368421,0.10526315789473684,0.5789473684210527,0.2777777777777778,0.4444444444444444,0.631578947368421,0.5,0.42105263157894735,0.4444444444444444,0.5333333333333333,0.4444444444444444,0.5,0.42105263157894735,0.42105263157894735,0.0,0.2631578947368421,0.47368421052631576,0.6666666666666666,0.42105263157894735,0.42105263157894735,0.10526315789473684,0.42105263157894735,0.631578947368421,0.42105263157894735,0.42105263157894735,0.5789473684210527,0.4444444444444444,0.631578947368421,0.4444444444444444,0.5789473684210527,0.47368421052631576,0.5,0.42105263157894735,0.6111111111111112,0.47368421052631576,0.4444444444444444,0.6111111111111112,0.6111111111111112,0.10526315789473684,0.10526315789473684,0.47368421052631576,0.4444444444444444,0.631578947368421,0.4444444444444444,0.29411764705882354,0.0
201714545,0.2631578947368421,0.2631578947368421,0.2777777777777778,0.4,0.2777777777777778,0.2631578947368421,0.2631578947368421,0.1,0.42105263157894735,0.2777777777777778,0.42105263157894735,0.25,0.42105263157894735,0.6111111111111112,0.2777777777777778,0.2777777777777778,0.2631578947368421,0.2777777777777778,0.2631578947368421,0.1,0.47368421052631576,0.4444444444444444,0.6111111111111112,0.47368421052631576,0.4444444444444444,0.2631578947368421,0.4444444444444444,0.3333333333333333,0.4444444444444444,0.2777777777777778,0.42105263157894735,0.4,0.2631578947368421,0.0,0.42105263157894735,0.2777777777777778,0.25,0.25,0.25,0.2631578947368421,0.2631578947368421,0.2631578947368421,0.4,0.42105263157894735,0.2777777777777778,0.2631578947368421,0.6111111111111112,0.4,0.4,0.2777777777777778,0.4,0.2777777777777778,0.2631578947368421,0.2777777777777778,0.4444444444444444,0.2777777777777778,0.1,0.25,0.4,0.2777777777777778,0.2631578947368421,0.6111111111111112,0.11764705882352941,0.05263157894736842
201730677,0.42105263157894735,0.47368421052631576,0.5,0.7368421052631579,0.4444444444444444,0.47368421052631576,0.2631578947368421,0.10526315789473684,0.5789473684210527,0.4444444444444444,0.5789473684210527,0.42105263157894735,0.7368421052631579,0.6111111111111112,0.3333333333333333,0.4444444444444444,0.47368421052631576,0.4444444444444444,0.47368421052631576,0.10526315789473684,0.42105263157894735,0.4444444444444444,0.6111111111111112,0.47368421052631576,0.8333333333333334,0.42105263157894735,0.6111111111111112,0.5333333333333333,0.7777777777777778,0.5,0.5789473684210527,0.7368421052631579,0.47368421052631576,0.42105263157894735,0.0,0.5,0.42105263157894735,0.42105263157894735,0.10526315789473684,0.42105263157894735,0.47368421052631576,0.42105263157894735,0.5789473684210527,0.5789473684210527,0.4444444444444444,0.47368421052631576,0.6111111111111112,0.42105263157894735,0.7894736842105263,0.5,0.5789473684210527,0.4444444444444444,0.47368421052631576,0.4444444444444444,0.6111111111111112,0.4444444444444444,0.10526315789473684,0.10526315789473684,0.631578947368421,0.6111111111111112,0.631578947368421,0.6111111111111112,0.11764705882352941,0.0
201532025,0.4444444444444444,0.5,0.6666666666666666,0.4444444444444444,0.6111111111111112,0.6666666666666666,0.2777777777777778,0.1111111111111111,0.4444444444444444,0.6111111111111112,0.4444444444444444,0.7777777777777778,0.6111111111111112,0.4444444444444444,0.5,0.6111111111111112,0.5,0.6111111111111112,0.6666666666666666,0.1111111111111111,0.6111111111111112,0.2777777777777778,0.4444444444444444,0.8333333333333334,0.5,0.4444444444444444,0.4444444444444444,0.5333333333333333,0.6111111111111112,0.5,0.4444444444444444,0.4444444444444444,0.6666666666666666,0.2777777777777778,0.5,0.0,0.4444444444444444,0.4444444444444444,0.1111111111111111,0.6111111111111112,0.6666666666666666,0.4444444444444444,0.4444444444444444,0.4444444444444444,0.4444444444444444,0.8333333333333334,0.4444444444444444,0.6111111111111112,0.6666666666666666,0.6666666666666666,0.4444444444444444,0.6111111111111112,0.6666666666666666,0.4444444444444444,0.4444444444444444,0.6111111111111112,0.1111111111111111,0.1111111111111111,0.5,0.6111111111111112,0.6666666666666666,0.4444444444444444,0.29411764705882354,0.0
201729662,0.5789473684210527,0.7368421052631579,0.4444444444444444,0.5,0.5,0.5789473684210527,0.42105263157894735,0.25,0.47368421052631576,0.5,0.42105263157894735,0.55,0.42105263157894735,0.4444444444444444,0.2777777777777778,0.6111111111111112,0.5789473684210527,0.6111111111111112,0.42105263157894735,0.1,0.42105263157894735,0.3333333333333333,0.4444444444444444,0.42105263157894735,0.4444444444444444,0.8421052631578947,0.5,1.0,0.4444444444444444,0.6111111111111112,0.42105263157894735,0.45,0.42105263157894735,0.25,0.42105263157894735,0.4444444444444444,0.0,1.0,0.1,0.631578947368421,0.5789473684210527,0.7894736842105263,0.4,0.42105263157894735,0.8333333333333334,0.42105263157894735,0.4444444444444444,0.55,0.4,0.4444444444444444,0.4,0.6666666666666666,0.42105263157894735,0.8333333333333334,0.4444444444444444,0.6111111111111112,0.1,0.1,0.4,0.4444444444444444,0.5789473684210527,0.4444444444444444,0.29411764705882354,0.0
201729666,0.5789473684210527,0.7368421052631579,0.4444444444444444,0.5,0.5,0.5789473684210527,0.42105263157894735,0.25,0.47368421052631576,0.5,0.42105263157894735,0.55,0.42105263157894735,0.4444444444444444,0.2777777777777778,0.6111111111111112,0.5789473684210527,0.6111111111111112,0.42105263157894735,0.1,0.42105263157894735,0.3333333333333333,0.4444444444444444,0.42105263157894735,0.4444444444444444,0.8421052631578947,0.5,1.0,0.4444444444444444,0.6111111111111112,0.42105263157894735,0.45,0.42105263157894735,0.25,0.42105263157894735,0.4444444444444444,1.0,0.0,0.1,0.631578947368421,0.5789473684210527,0.7894736842105263,0.4,0.42105263157894735,0.8333333333333334,0.42105263157894735,0.4444444444444444,0.55,0.4,0.4444444444444444,0.4,0.6666666666666666,0.42105263157894735,0.8333333333333334,0.4444444444444444,0.6111111111111112,0.1,0.1,0.4,0.4444444444444444,0.5789473684210527,0.4444444444444444,0.29411764705882354,0.0
201730444,0.10526315789473684,0.10526315789473684,0.1111111111111111,0.1,0.1111111111111111,0.10526315789473684,0.10526315789473684,0.1,0.10526315789473684,0.1111111111111111,0.10526315789473684,0.1,0.10526315789473684,0.1111111111111111,0.1111111111111111,0.1111111111111111,0.10526315789473684,0.1111111111111111,0.10526315789473684,0.25,0.42105263157894735,0.1111111111111111,0.1111111111111111,0.2631578947368421,0.1111111111111111,0.10526315789473684,0.1111111111111111,0.13333333333333333,0.1111111111111111,0.1111111111111111,0.10526315789473684,0.1,0.10526315789473684,0.25,0.10526315789473684,0.1111111111111111,0.1,0.1,0.0,0.10526315789473684,0.10526315789473684,0.10526315789473684,0.1,0.10526315789473684,0.1111111111111111,0.10526315789473684,0.1111111111111111,0.25,0.1,0.1111111111111111,0.1,0.1111111111111111,0.10526315789473684,0.1111111111111111,0.1111111111111111,0.1111111111111111,0.25,1.0,0.1,0.1111111111111111,0.10526315789473684,0.1111111111111111,0.11764705882352941,0.0
201729424,0.42105263157894735,0.5789473684210527,0.6111111111111112,0.42105263157894735,0.4444444444444444,0.42105263157894735,0.2631578947368421,0.2631578947368421,0.42105263157894735,0.4444444444444444,0.42105263157894735,0.42105263157894735,0.42105263157894735,0.4444444444444444,0.4444444444444444,0.4444444444444444,0.42105263157894735,0.5,0.42105263157894735,0.10526315789473684,0.42105263157894735,0.2777777777777778,0.5,0.5789473684210527,0.4444444444444444,0.631578947368421,0.4444444444444444,0.7333333333333333,0.4444444444444444,0.4444444444444444,0.42105263157894735,0.42105263157894735,0.42105263157894735,0.2631578947368421,0.42105263157894735,0.6111111111111112,0.631578947368421,0.631578947368421,0.10526315789473684,0.0,0.42105263157894735,0.6842105263157895,0.42105263157894735,0.42105263157894735,0.6111111111111112,0.42105263157894735,0.4444444444444444,0.42105263157894735,0.42105263157894735,0.6111111111111112,0.42105263157894735,0.4444444444444444,0.5789473684210527,0.6111111111111112,0.4444444444444444,0.5,0.10526315789473684,0.10526315789473684,0.42105263157894735,0.6666666666666666,0.42105263157894735,0.5,0.11764705882352941,0.0
201728408,0.5789473684210527,0.631578947368421,0.5,0.42105263157894735,0.6111111111111112,0.7894736842105263,0.42105263157894735,0.10526315789473684,0.42105263157894735,0.7777777777777778,0.42105263157894735,0.7368421052631579,0.42105263157894735,0.4444444444444444,0.3333333333333333,0.7777777777777778,0.631578947368421,0.7777777777777778,0.631578947368421,0.10526315789473684,0.5789473684210527,0.2777777777777778,0.4444444444444444,0.631578947368421,0.5,0.5789473684210527,0.4444444444444444,0.7333333333333333,0.4444444444444444,0.6666666666666666,0.42105263157894735,0.42105263157894735,0.631578947368421,0.2631578947368421,0.47368421052631576,0.6666666666666666,0.5789473684210527,0.5789473684210527,0.10526315789473684,0.42105263157894735,0.0,0.5789473684210527,0.42105263157894735,0.42105263157894735,0.6111111111111112,0.631578947368421,0.4444444444444444,0.7368421052631579,0.47368421052631576,0.5,0.42105263157894735,0.7777777777777778,0.47368421052631576,0.6111111111111112,0.4444444444444444,0.7777777777777778,0.10526315789473684,0.10526315789473684,0.47368421052631576,0.4444444444444444,0.7894736842105263,0.4444444444444444,0.47058823529411764,0.0
201712539,0.5789473684210527,0.7368421052631579,0.4444444444444444,0.42105263157894735,0.4444444444444444,0.7368421052631579,0.42105263157894735,0.2631578947368421,0.42105263157894735,0.4444444444444444,0.42105263157894735,0.5789473684210527,0.42105263157894735,0.4444444444444444,0.2777777777777778,0.6111111111111112,0.5789473684210527,0.6666666666666666,0.42105263157894735,0.10526315789473684,0.42105263157894735,0.2777777777777778,0.5,0.42105263157894735,0.4444444444444444,0.7894736842105263,0.4444444444444444,0.9333333333333333,0.4444444444444444,0.6111111111111112,0.42105263157894735,0.42105263157894735,0.42105263157894735,0.2631578947368421,0.42105263157894735,0.4444444444444444,0.7894736842105263,0.7894736842105263,0.10526315789473684,0.6842105263157895,0.5789473684210527,0.0,0.42105263157894735,0.42105263157894735,0.7777777777777778,0.42105263157894735,0.4444444444444444,0.5789473684210527,0.42105263157894735,0.4444444444444444,0.42105263157894735,0.6111111111111112,0.42105263157894735,0.7777777777777778,0.4444444444444444,0.6666666666666666,0.10526315789473684,0.10526315789473684,0.42105263157894735,0.5,0.5789473684210527,0.5,0.29411764705882354,0.0
201630875,0.47368421052631576,0.42105263157894735,0.4444444444444444,0.55,0.4444444444444444,0.42105263157894735,0.3157894736842105,0.1,0.5789473684210527,0.4444444444444444,0.7894736842105263,0.45,0.631578947368421,0.6666666666666666,0.4444444444444444,0.5,0.7368421052631579,0.4444444444444444,0.42105263157894735,0.1,0.47368421052631576,0.4444444444444444,0.6111111111111112,0.42105263157894735,0.6111111111111112,0.42105263157894735,0.6111111111111112,0.5333333333333333,0.6666666666666666,0.6111111111111112,0.631578947368421,0.55,0.42105263157894735,0.4,0.5789473684210527,0.4444444444444444,0.4,0.4,0.1,0.42105263157894735,0.42105263157894735,0.42105263157894735,0.0,0.7894736842105263,0.4444444444444444,0.42105263157894735,0.6666666666666666,0.45,0.55,0.6111111111111112,0.75,0.4444444444444444,0.42105263157894735,0.4444444444444444,0.8333333333333334,0.4444444444444444,0.1,0.1,0.7,0.4444444444444444,0.42105263157894735,0.6111111111111112,0.11764705882352941,0.0
201729691,0.47368421052631576,0.42105263157894735,0.4444444444444444,0.5789473684210527,0.4444444444444444,0.42105263157894735,0.3157894736842105,0.10526315789473684,0.5789473684210527,0.4444444444444444,0.7894736842105263,0.5263157894736842,0.631578947368421,0.6666666666666666,0.4444444444444444,0.5,0.5789473684210527,0.4444444444444444,0.42105263157894735,0.10526315789473684,0.47368421052631576,0.4444444444444444,0.6111111111111112,0.42105263157894735,0.6111111111111112,0.42105263157894735,0.6111111111111112,0.5333333333333333,0.6666666666666666,0.6111111111111112,0.631578947368421,0.5789473684210527,0.5789473684210527,0.42105263157894735,0.5789473684210527,0.4444444444444444,0.42105263157894735,0.42105263157894735,0.10526315789473684,0.42105263157894735,0.42105263157894735,0.42105263157894735,0.7894736842105263,0.0,0.4444444444444444,0.42105263157894735,0.6666666666666666,0.47368421052631576,0.5789473684210527,0.6111111111111112,0.7894736842105263,0.4444444444444444,0.42105263157894735,0.4444444444444444,1.0,0.4444444444444444,0.10526315789473684,0.10526315789473684,0.7368421052631579,0.4444444444444444,0.42105263157894735,0.6111111111111112,0.11764705882352941,0.0
201714339,0.6111111111111112,0.7777777777777778,0.4444444444444444,0.5,0.5,0.6111111111111112,0.4444444444444444,0.2777777777777778,0.5,0.5,0.4444444444444444,0.6111111111111112,0.4444444444444444,0.4444444444444444,0.2777777777777778,0.6111111111111112,0.6111111111111112,0.6111111111111112,0.4444444444444444,0.1111111111111111,0.4444444444444444,0.3333333333333333,0.4444444444444444,0.4444444444444444,0.4444444444444444,0.8333333333333334,0.5,1.0,0.4444444444444444,0.7777777777777778,0.4444444444444444,0.5,0.4444444444444444,0.2777777777777778,0.4444444444444444,0.4444444444444444,0.8333333333333334,0.8333333333333334,0.1111111111111111,0.6111111111111112,0.6111111111111112,0.7777777777777778,0.4444444444444444,0.4444444444444444,0.0,0.4444444444444444,0.4444444444444444,0.6111111111111112,0.4444444444444444,0.4444444444444444,0.4444444444444444,0.6666666666666666,0.6111111111111112,0.8333333333333334,0.4444444444444444,0.6111111111111112,0.1111111111111111,0.1111111111111111,0.4444444444444444,0.4444444444444444,0.6111111111111112,0.4444444444444444,0.29411764705882354,0.0
201728935,0.42105263157894735,0.47368421052631576,0.5,0.42105263157894735,0.6111111111111112,0.631578947368421,0.2631578947368421,0.10526315789473684,0.42105263157894735,0.6111111111111112,0.42105263157894735,0.7368421052631579,0.5789473684210527,0.4444444444444444,0.3333333333333333,0.6111111111111112,0.47368421052631576,0.6111111111111112,0.7894736842105263,0.10526315789473684,0.5789473684210527,0.2777777777777778,0.4444444444444444,0.631578947368421,0.5,0.42105263157894735,0.4444444444444444,0.5333333333333333,0.6111111111111112,0.5,0.42105263157894735,0.42105263157894735,0.631578947368421,0.2631578947368421,0.47368421052631576,0.8333333333333334,0.42105263157894735,0.42105263157894735,0.10526315789473684,0.42105263157894735,0.631578947368421,0.42105263157894735,0.42105263157894735,0.42105263157894735,0.4444444444444444,0.0,0.4444444444444444,0.5789473684210527,0.631578947368421,0.5,0.42105263157894735,0.6111111111111112,0.47368421052631576,0.4444444444444444,0.4444444444444444,0.6111111111111112,0.10526315789473684,0.10526315789473684,0.47368421052631576,0.4444444444444444,0.631578947368421,0.4444444444444444,0.29411764705882354,0.0
201729959,0.5,0.4444444444444444,0.4444444444444444,0.6111111111111112,0.4444444444444444,0.4444444444444444,0.3333333333333333,0.1111111111111111,0.6111111111111112,0.4444444444444444,0.6666666666666666,0.5,0.6666666666666666,1.0,0.2777777777777778,0.6666666666666666,0.4444444444444444,0.4444444444444444,0.4444444444444444,0.1111111111111111,0.5,0.6111111111111112,0.7777777777777778,0.4444444444444444,0.6111111111111112,0.4444444444444444,0.6111111111111112,0.5333333333333333,0.6666666666666666,0.4444444444444444,0.6666666666666666,0.6111111111111112,0.4444444444444444,0.6111111111111112,0.6111111111111112,0.4444444444444444,0.4444444444444444,0.4444444444444444,0.1111111111111111,0.4444444444444444,0.4444444444444444,0.4444444444444444,0.6666666666666666,0.6666666666666666,0.4444444444444444,0.4444444444444444,0.0,0.5,0.6111111111111112,0.4444444444444444,0.6666666666666666,0.4444444444444444,0.4444444444444444,0.4444444444444444,0.6666666666666666,0.4444444444444444,0.1111111111111111,0.1111111111111111,0.6111111111111112,0.4444444444444444,0.4444444444444444,0.9444444444444444,0.11764705882352941,0.0
201729714,0.631578947368421,0.5789473684210527,0.4444444444444444,0.4,0.6111111111111112,0.7368421052631579,0.47368421052631576,0.1,0.42105263157894735,0.6111111111111112,0.47368421052631576,0.75,0.47368421052631576,0.5,0.2777777777777778,0.8333333333333334,0.5789473684210527,0.7777777777777778,0.5789473684210527,0.1,0.7894736842105263,0.2777777777777778,0.4444444444444444,0.7368421052631579,0.4444444444444444,0.5789473684210527,0.4444444444444444,0.7333333333333333,0.5,0.6111111111111112,0.47368421052631576,0.4,0.5789473684210527,0.4,0.42105263157894735,0.6111111111111112,0.55,0.55,0.25,0.42105263157894735,0.7368421052631579,0.5789473684210527,0.45,0.47368421052631576,0.6111111111111112,0.5789473684210527,0.5,0.0,0.4,0.4444444444444444,0.45,0.7777777777777778,0.42105263157894735,0.6111111111111112,0.5,0.7777777777777778,0.1,0.25,0.45,0.4444444444444444,0.7368421052631579,0.4444444444444444,0.47058823529411764,0.0
201730739,0.42105263157894735,0.47368421052631576,0.5,0.7,0.4444444444444444,0.47368421052631576,0.2631578947368421,0.1,0.5789473684210527,0.4444444444444444,0.5789473684210527,0.55,0.8947368421052632,0.6111111111111112,0.3333333333333333,0.4444444444444444,0.47368421052631576,0.4444444444444444,0.47368421052631576,0.1,0.42105263157894735,0.4444444444444444,0.6111111111111112,0.47368421052631576,0.8333333333333334,0.42105263157894735,0.6111111111111112,0.5333333333333333,0.9444444444444444,0.5,0.5789473684210527,0.7,0.47368421052631576,0.4,0.7894736842105263,0.6666666666666666,0.4,0.4,0.1,0.42105263157894735,0.47368421052631576,0.42105263157894735,0.55,0.5789473684210527,0.4444444444444444,0.631578947368421,0.6111111111111112,0.4,0.0,0.5,0.55,0.4444444444444444,0.47368421052631576,0.4444444444444444,0.6111111111111112,0.4444444444444444,0.1,0.1,0.6,0.6111111111111112,0.47368421052631576,0.6111111111111112,0.11764705882352941,0.0
201730244,0.6111111111111112,0.5,0.6666666666666666,0.4444444444444444,0.4444444444444444,0.5,0.2777777777777778,0.1111111111111111,0.4444444444444444,0.4444444444444444,0.6111111111111112,0.4444444444444444,0.4444444444444444,0.4444444444444444,0.6666666666666666,0.4444444444444444,0.6666666666666666,0.4444444444444444,0.5,0.1111111111111111,0.4444444444444444,0.2777777777777778,0.4444444444444444,0.6666666666666666,0.5,0.4444444444444444,0.4444444444444444,0.5333333333333333,0.4444444444444444,0.6666666666666666,0.4444444444444444,0.4444444444444444,0.5,0.2777777777777778,0.5,0.6666666666666666,0.4444444444444444,0.4444444444444444,0.1111111111111111,0.6111111111111112,0.5,0.4444444444444444,0.6111111111111112,0.6111111111111112,0.4444444444444444,0.5,0.4444444444444444,0.4444444444444444,0.5,0.0,0.6111111111111112,0.4444444444444444,0.6666666666666666,0.4444444444444444,0.6111111111111112,0.4444444444444444,0.1111111111111111,0.1111111111111111,0.6666666666666666,0.6111111111111112,0.5,0.4444444444444444,0.11764705882352941,0.0
201629894,0.47368421052631576,0.42105263157894735,0.4444444444444444,0.6,0.4444444444444444,0.42105263157894735,0.3157894736842105,0.1,0.5789473684210527,0.4444444444444444,1.0,0.45,0.631578947368421,0.6666666666666666,0.4444444444444444,0.5,0.5789473684210527,0.4444444444444444,0.42105263157894735,0.1,0.47368421052631576,0.4444444444444444,0.6111111111111112,0.42105263157894735,0.6111111111111112,0.42105263157894735,0.6111111111111112,0.5333333333333333,0.6666666666666666,0.6111111111111112,0.631578947368421,0.6,0.42105263157894735,0.4,0.5789473684210527,0.4444444444444444,0.4,0.4,0.1,0.42105263157894735,0.42105263157894735,0.42105263157894735,0.75,0.7894736842105263,0.4444444444444444,0.42105263157894735,0.6666666666666666,0.45,0.55,0.6111111111111112,0.0,0.4444444444444444,0.42105263157894735,0.4444444444444444,0.8333333333333334,0.4444444444444444,0.1,0.1,0.7,0.4444444444444444,0.42105263157894735,0.6111111111111112,0.11764705882352941,0.0
201729735,0.6111111111111112,0.6111111111111112,0.4444444444444444,0.5,0.6666666666666666,0.7777777777777778,0.4444444444444444,0.1111111111111111,0.5,0.6666666666666666,0.4444444444444444,0.7777777777777778,0.4444444444444444,0.4444444444444444,0.2777777777777778,0.7777777777777778,0.6111111111111112,0.7777777777777778,0.6111111111111112,0.1111111111111111,0.6111111111111112,0.3333333333333333,0.4444444444444444,0.6111111111111112,0.4444444444444444,0.6666666666666666,0.5,0.8,0.4444444444444444,0.6111111111111112,0.4444444444444444,0.5,0.6111111111111112,0.2777777777777778,0.4444444444444444,0.6111111111111112,0.6666666666666666,0.6666666666666666,0.1111111111111111,0.4444444444444444,0.7777777777777778,0.6111111111111112,0.4444444444444444,0.4444444444444444,0.6666666666666666,0.6111111111111112,0.4444444444444444,0.7777777777777778,0.4444444444444444,0.4444444444444444,0.4444444444444444,0.0,0.4444444444444444,0.6666666666666666,0.4444444444444444,0.7777777777777778,0.1111111111111111,0.1111111111111111,0.4444444444444444,0.4444444444444444,0.7777777777777778,0.4444444444444444,0.47058823529411764,0.0
201729484,0.5789473684210527,0.47368421052631576,0.8333333333333334,0.42105263157894735,0.4444444444444444,0.47368421052631576,0.2631578947368421,0.10526315789473684,0.5789473684210527,0.4444444444444444,0.42105263157894735,0.42105263157894735,0.42105263157894735,0.4444444444444444,0.5,0.4444444444444444,0.47368421052631576,0.4444444444444444,0.47368421052631576,0.10526315789473684,0.42105263157894735,0.2777777777777778,0.4444444444444444,0.631578947368421,0.5,0.42105263157894735,0.6111111111111112,0.5333333333333333,0.4444444444444444,0.6666666666666666,0.5789473684210527,0.42105263157894735,0.47368421052631576,0.2631578947368421,0.47368421052631576,0.6666666666666666,0.42105263157894735,0.42105263157894735,0.10526315789473684,0.5789473684210527,0.47368421052631576,0.42105263157894735,0.42105263157894735,0.42105263157894735,0.6111111111111112,0.47368421052631576,0.4444444444444444,0.42105263157894735,0.47368421052631576,0.6666666666666666,0.42105263157894735,0.4444444444444444,0.0,0.4444444444444444,0.4444444444444444,0.4444444444444444,0.10526315789473684,0.10526315789473684,0.47368421052631576,0.6111111111111112,0.47368421052631576,0.4444444444444444,0.11764705882352941,0.0
201711824,0.6111111111111112,0.7777777777777778,0.4444444444444444,0.5,0.5,0.6111111111111112,0.4444444444444444,0.2777777777777778,0.5,0.5,0.4444444444444444,0.6111111111111112,0.4444444444444444,0.4444444444444444,0.2777777777777778,0.6111111111111112,0.6111111111111112,0.6111111111111112,0.4444444444444444,0.1111111111111111,0.4444444444444444,0.3333333333333333,0.4444444444444444,0.4444444444444444,0.4444444444444444,1.0,0.5,1.0,0.4444444444444444,0.6111111111111112,0.4444444444444444,0.5,0.4444444444444444,0.2777777777777778,0.4444444444444444,0.4444444444444444,0.8333333333333334,0.8333333333333334,0.1111111111111111,0.6111111111111112,0.6111111111111112,0.7777777777777778,0.4444444444444444,0.4444444444444444,0.8333333333333334,0.4444444444444444,0.4444444444444444,0.6111111111111112,0.4444444444444444,0.4444444444444444,0.4444444444444444,0.6666666666666666,0.4444444444444444,0.0,0.4444444444444444,0.6111111111111112,0.1111111111111111,0.1111111111111111,0.4444444444444444,0.4444444444444444,0.6111111111111112,0.4444444444444444,0.29411764705882354,0.0
201729751,0.5,0.4444444444444444,0.4444444444444444,0.6111111111111112,0.4444444444444444,0.4444444444444444,0.3333333333333333,0.1111111111111111,0.6111111111111112,0.4444444444444444,0.8333333333333334,0.5,0.6666666666666666,0.6666666666666666,0.4444444444444444,0.5,0.6111111111111112,0.4444444444444444,0.4444444444444444,0.1111111111111111,0.5,0.4444444444444444,0.6111111111111112,0.4444444444444444,0.6111111111111112,0.4444444444444444,0.6111111111111112,0.5333333333333333,0.6666666666666666,0.6111111111111112,0.6666666666666666,0.6111111111111112,0.6111111111111112,0.4444444444444444,0.6111111111111112,0.4444444444444444,0.4444444444444444,0.4444444444444444,0.1111111111111111,0.4444444444444444,0.4444444444444444,0.4444444444444444,0.8333333333333334,1.0,0.4444444444444444,0.4444444444444444,0.6666666666666666,0.5,0.6111111111111112,0.6111111111111112,0.8333333333333334,0.4444444444444444,0.4444444444444444,0.4444444444444444,0.0,0.4444444444444444,0.1111111111111111,0.1111111111111111,0.7777777777777778,0.4444444444444444,0.4444444444444444,0.6111111111111112,0.11764705882352941,0.0
201633241,0.6111111111111112,0.6111111111111112,0.4444444444444444,0.4444444444444444,0.6111111111111112,0.7777777777777778,0.4444444444444444,0.1111111111111111,0.4444444444444444,0.6111111111111112,0.4444444444444444,0.7777777777777778,0.4444444444444444,0.4444444444444444,0.2777777777777778,0.7777777777777778,0.6111111111111112,0.8333333333333334,0.6111111111111112,0.1111111111111111,0.6111111111111112,0.2777777777777778,0.5,0.6111111111111112,0.4444444444444444,0.6111111111111112,0.4444444444444444,0.7333333333333333,0.4444444444444444,0.6111111111111112,0.4444444444444444,0.4444444444444444,0.6111111111111112,0.2777777777777778,0.4444444444444444,0.6111111111111112,0.6111111111111112,0.6111111111111112,0.1111111111111111,0.5,0.7777777777777778,0.6666666666666666,0.4444444444444444,0.4444444444444444,0.6111111111111112,0.6111111111111112,0.4444444444444444,0.7777777777777778,0.4444444444444444,0.4444444444444444,0.4444444444444444,0.7777777777777778,0.4444444444444444,0.6111111111111112,0.4444444444444444,0.0,0.1111111111111111,0.1111111111111111,0.4444444444444444,0.5,0.7777777777777778,0.5,0.47058823529411764,0.16666666666666666
201728985,0.10526315789473684,0.10526315789473684,0.1111111111111111,0.1,0.1111111111111111,0.10526315789473684,0.10526315789473684,0.1,0.10526315789473684,0.1111111111111111,0.10526315789473684,0.1,0.10526315789473684,0.1111111111111111,0.1111111111111111,0.1111111111111111,0.10526315789473684,0.1111111111111111,0.10526315789473684,0.55,0.10526315789473684,0.1111111111111111,0.1111111111111111,0.10526315789473684,0.1111111111111111,0.10526315789473684,0.1111111111111111,0.13333333333333333,0.1111111111111111,0.1111111111111111,0.10526315789473684,0.1,0.10526315789473684,0.1,0.10526315789473684,0.1111111111111111,0.1,0.1,0.25,0.10526315789473684,0.10526315789473684,0.10526315789473684,0.1,0.10526315789473684,0.1111111111111111,0.10526315789473684,0.1111111111111111,0.1,0.1,0.1111111111111111,0.1,0.1111111111111111,0.10526315789473684,0.1111111111111111,0.1111111111111111,0.1111111111111111,0.0,0.25,0.1,0.1111111111111111,0.10526315789473684,0.1111111111111111,0.11764705882352941,0.0
201729509,0.10526315789473684,0.10526315789473684,0.1111111111111111,0.1,0.1111111111111111,0.10526315789473684,0.10526315789473684,0.1,0.10526315789473684,0.1111111111111111,0.10526315789473684,0.1,0.10526315789473684,0.1111111111111111,0.1111111111111111,0.1111111111111111,0.10526315789473684,0.1111111111111111,0.10526315789473684,0.25,0.42105263157894735,0.1111111111111111,0.1111111111111111,0.2631578947368421,0.1111111111111111,0.10526315789473684,0.1111111111111111,0.13333333333333333,0.1111111111111111,0.1111111111111111,0.10526315789473684,0.1,0.10526315789473684,0.25,0.10526315789473684,0.1111111111111111,0.1,0.1,1.0,0.10526315789473684,0.10526315789473684,0.10526315789473684,0.1,0.10526315789473684,0.1111111111111111,0.10526315789473684,0.1111111111111111,0.25,0.1,0.1111111111111111,0.1,0.1111111111111111,0.10526315789473684,0.1111111111111111,0.1111111111111111,0.1111111111111111,0.25,0.0,0.1,0.1111111111111111,0.10526315789473684,0.1111111111111111,0.11764705882352941,0.0
201716712,0.42105263157894735,0.631578947368421,0.5,0.55,0.4444444444444444,0.47368421052631576,0.2631578947368421,0.1,0.5789473684210527,0.4444444444444444,0.7368421052631579,0.45,0.5789473684210527,0.6111111111111112,0.5,0.4444444444444444,0.631578947368421,0.4444444444444444,0.5263157894736842,0.1,0.42105263157894735,0.4444444444444444,0.6111111111111112,0.47368421052631576,0.6666666666666666,0.42105263157894735,0.6111111111111112,0.5333333333333333,0.6111111111111112,0.6666666666666666,0.5789473684210527,0.6,0.47368421052631576,0.4,0.631578947368421,0.5,0.4,0.4,0.1,0.42105263157894735,0.47368421052631576,0.42105263157894735,0.7,0.7368421052631579,0.4444444444444444,0.47368421052631576,0.6111111111111112,0.45,0.6,0.6666666666666666,0.7,0.4444444444444444,0.47368421052631576,0.4444444444444444,0.7777777777777778,0.4444444444444444,0.1,0.1,0.0,0.4444444444444444,0.47368421052631576,0.6111111111111112,0.11764705882352941,0.0
201729263,0.4444444444444444,0.4444444444444444,0.6111111111111112,0.6111111111111112,0.4444444444444444,0.4444444444444444,0.2777777777777778,0.1111111111111111,0.4444444444444444,0.4444444444444444,0.4444444444444444,0.4444444444444444,0.6111111111111112,0.4444444444444444,0.4444444444444444,0.4444444444444444,0.4444444444444444,0.5,0.4444444444444444,0.1111111111111111,0.4444444444444444,0.2777777777777778,0.5,0.6111111111111112,0.6111111111111112,0.4444444444444444,0.4444444444444444,0.5333333333333333,0.6111111111111112,0.4444444444444444,0.4444444444444444,0.6111111111111112,0.4444444444444444,0.2777777777777778,0.6111111111111112,0.6111111111111112,0.4444444444444444,0.4444444444444444,0.1111111111111111,0.6666666666666666,0.4444444444444444,0.5,0.4444444444444444,0.4444444444444444,0.4444444444444444,0.4444444444444444,0.4444444444444444,0.4444444444444444,0.6111111111111112,0.6111111111111112,0.4444444444444444,0.4444444444444444,0.6111111111111112,0.4444444444444444,0.4444444444444444,0.5,0.1111111111111111,0.1111111111111111,0.4444444444444444,0.0,0.4444444444444444,0.5,0.11764705882352941,0.0
201729519,0.5789473684210527,0.631578947368421,0.5,0.42105263157894735,0.6111111111111112,0.7894736842105263,0.42105263157894735,0.10526315789473684,0.42105263157894735,0.6111111111111112,0.42105263157894735,0.7368421052631579,0.42105263157894735,0.4444444444444444,0.3333333333333333,0.7777777777777778,0.631578947368421,0.7777777777777778,0.631578947368421,0.10526315789473684,0.5789473684210527,0.2777777777777778,0.4444444444444444,0.631578947368421,0.5,0.5789473684210527,0.4444444444444444,0.7333333333333333,0.4444444444444444,0.6666666666666666,0.42105263157894735,0.42105263157894735,0.631578947368421,0.2631578947368421,0.631578947368421,0.6666666666666666,0.5789473684210527,0.5789473684210527,0.10526315789473684,0.42105263157894735,0.7894736842105263,0.5789473684210527,0.42105263157894735,0.42105263157894735,0.6111111111111112,0.631578947368421,0.4444444444444444,0.7368421052631579,0.47368421052631576,0.5,0.42105263157894735,0.7777777777777778,0.47368421052631576,0.6111111111111112,0.4444444444444444,0.7777777777777778,0.10526315789473684,0.10526315789473684,0.47368421052631576,0.4444444444444444,0.0,0.4444444444444444,0.47058823529411764,0.0
201730032,0.4444444444444444,0.4444444444444444,0.4444444444444444,0.6111111111111112,0.4444444444444444,0.4444444444444444,0.2777777777777778,0.1111111111111111,0.6111111111111112,0.4444444444444444,0.6111111111111112,0.4444444444444444,0.6111111111111112,0.9444444444444444,0.2777777777777778,0.6111111111111112,0.4444444444444444,0.5,0.4444444444444444,0.1111111111111111,0.4444444444444444,0.6111111111111112,0.8333333333333334,0.4444444444444444,0.6111111111111112,0.4444444444444444,0.6111111111111112,0.5333333333333333,0.6111111111111112,0.4444444444444444,0.6111111111111112,0.6111111111111112,0.4444444444444444,0.6111111111111112,0.6111111111111112,0.4444444444444444,0.4444444444444444,0.4444444444444444,0.1111111111111111,0.5,0.4444444444444444,0.5,0.6111111111111112,0.6111111111111112,0.4444444444444444,0.4444444444444444,0.9444444444444444,0.4444444444444444,0.6111111111111112,0.4444444444444444,0.6111111111111112,0.4444444444444444,0.4444444444444444,0.4444444444444444,0.6111111111111112,0.5,0.1111111111111111,0.1111111111111111,0.6111111111111112,0.5,0.4444444444444444,0.0,0.11764705882352941,0.0
201730040,0.29411764705882354,0.29411764705882354,0.11764705882352941,0.11764705882352941,0.29411764705882354,0.47058823529411764,0.29411764705882354,0.11764705882352941,0.11764705882352941,0.29411764705882354,0.11764705882352941,0.47058823529411764,0.11764705882352941,0.11764705882352941,0.11764705882352941,0.47058823529411764,0.29411764705882354,0.47058823529411764,0.29411764705882354,0.11764705882352941,0.29411764705882354,0.11764705882352941,0.11764705882352941,0.29411764705882354,0.11764705882352941,0.29411764705882354,0.11764705882352941,0.3333333333333333,0.11764705882352941,0.29411764705882354,0.11764705882352941,0.11764705882352941,0.29411764705882354,0.11764705882352941,0.11764705882352941,0.29411764705882354,0.29411764705882354,0.29411764705882354,0.11764705882352941,0.11764705882352941,0.47058823529411764,0.29411764705882354,0.11764705882352941,0.11764705882352941,0.29411764705882354,0.29411764705882354,0.11764705882352941,0.47058823529411764,0.11764705882352941,0.11764705882352941,0.11764705882352941,0.47058823529411764,0.11764705882352941,0.29411764705882354,0.11764705882352941,0.47058823529411764,0.11764705882352941,0.11764705882352941,0.11764705882352941,0.11764705882352941,0.47058823529411764,0.11764705882352941,0.0,0.0
201713146,0.0,0.0,0.0,0.0,0.0,0.0,0.0,0.0,0.0,0.0,0.0,0.0,0.0,0.0,0.0,0.0,0.0,0.0,0.0,0.0,0.05263157894736842,0.0,0.0,0.05263157894736842,0.0,0.0,0.0,0.0,0.0,0.0,0.0,0.0,0.0,0.05263157894736842,0.0,0.0,0.0,0.0,0.0,0.0,0.0,0.0,0.0,0.0,0.0,0.0,0.0,0.0,0.0,0.0,0.0,0.0,0.0,0.0,0.0,0.16666666666666666,0.0,0.0,0.0,0.0,0.0,0.0,0.0,0.0
