,201632004,201521925,201630474,201631245,201630991,201530900,201630998,201325087,201631778,201629741,201632054,201632826,201621563,201615940,201631813,201624136,201631306,201632586,201632846,201632337,201630553,201532770,201630821,201618028,201632621,201532016,201633393,201629818,201629566,201630079,201631873,201632132,201623429,201631123,201629588,201631897,201631644,201631391,201612452,201325988,201630631,201616552,201631913,201632939,201631916,201630129,201631410,201632440,201615292,201621184,201613249,201630402,201633228,201613007,201631695,201631447,201630428,201632220,201631200,201631713,201632486,201633002,201630700,201619437,201630974
201632004,0.0,0.0,0.0,0.16666666666666666,0.16666666666666666,0.16666666666666666,0.3333333333333333,0.16666666666666666,0.16666666666666666,0.16666666666666666,0.16666666666666666,0.16666666666666666,0.3333333333333333,0.3333333333333333,0.0,0.16666666666666666,0.16666666666666666,0.0,0.3333333333333333,0.0,0.16666666666666666,0.5,0.16666666666666666,0.3333333333333333,0.16666666666666666,0.5,0.16666666666666666,0.0,0.3333333333333333,0.16666666666666666,0.16666666666666666,0.16666666666666666,0.0,0.0,0.16666666666666666,0.16666666666666666,0.3333333333333333,0.16666666666666666,0.17647058823529413,0.0,0.16666666666666666,0.16666666666666666,0.5,0.0,0.16666666666666666,0.0,0.0,0.3333333333333333,0.16666666666666666,0.16666666666666666,0.3333333333333333,0.16666666666666666,0.16666666666666666,0.16666666666666666,0.0,0.16666666666666666,0.3333333333333333,0.0,0.0,0.16666666666666666,0.3333333333333333,0.3333333333333333,0.16666666666666666,0.16666666666666666,0.0
201521925,0.0,0.0,0.16666666666666666,0.0,0.0,0.0,0.0,0.0,0.0,0.0,0.0,0.0,0.0,0.0,0.16666666666666666,0.0,0.0,0.16666666666666666,0.0,0.16666666666666666,0.16666666666666666,0.0,0.0,0.0,0.0,0.0,0.0,0.16666666666666666,0.0,0.0,0.0,0.16666666666666666,0.16666666666666666,0.3333333333333333,0.0,0.0,0.0,0.0,0.0,0.0,0.16666666666666666,0.0,0.0,0.16666666666666666,0.0,0.16666666666666666,0.16666666666666666,0.0,0.16666666666666666,0.0,0.0,0.0,0.0,0.0,0.16666666666666666,0.16666666666666666,0.0,0.16666666666666666,0.16666666666666666,0.16666666666666666,0.0,0.0,0.0,0.0,0.2
201630474,0.0,0.16666666666666666,0.0,0.16666666666666666,0.16666666666666666,0.0,0.0,0.0,0.16666666666666666,0.0,0.16666666666666666,0.0,0.0,0.0,0.16666666666666666,0.16666666666666666,0.16666666666666666,0.3333333333333333,0.16666666666666666,0.16666666666666666,0.16666666666666666,0.16666666666666666,0.16666666666666666,0.0,0.0,0.0,0.0,0.3333333333333333,0.0,0.0,0.16666666666666666,0.0,0.3333333333333333,0.16666666666666666,0.0,0.0,0.0,0.16666666666666666,0.0,0.0,0.16666666666666666,0.0,0.0,0.16666666666666666,0.16666666666666666,0.16666666666666666,0.16666666666666666,0.16666666666666666,0.16666666666666666,0.0,0.16666666666666666,0.16666666666666666,0.0,0.0,0.3333333333333333,0.3333333333333333,0.0,0.16666666666666666,0.16666666666666666,0.3333333333333333,0.0,0.0,0.16666666666666666,0.0,0.4
201631245,0.16666666666666666,0.0,0.16666666666666666,0.0,0.3333333333333333,0.16666666666666666,0.16666666666666666,0.15,0.47368421052631576,0.15789473684210525,0.3,0.16666666666666666,0.15789473684210525,0.15,0.0,0.5,0.3333333333333333,0.15789473684210525,0.3333333333333333,0.0,0.0,0.3157894736842105,0.3157894736842105,0.15789473684210525,0.16666666666666666,0.15,0.16666666666666666,0.3,0.16666666666666666,0.15789473684210525,0.15789473684210525,0.15789473684210525,0.15789473684210525,0.0,0.16666666666666666,0.3157894736842105,0.3333333333333333,0.3157894736842105,0.17647058823529413,0.0,0.0,0.3157894736842105,0.15789473684210525,0.0,0.3157894736842105,0.0,0.0,0.3157894736842105,0.05263157894736842,0.15789473684210525,0.3333333333333333,0.3333333333333333,0.16666666666666666,0.16666666666666666,0.15789473684210525,0.0,0.5,0.0,0.0,0.3,0.15789473684210525,0.16666666666666666,0.3,0.16666666666666666,0.0
201630991,0.16666666666666666,0.0,0.16666666666666666,0.3333333333333333,0.0,0.3333333333333333,0.3333333333333333,0.16666666666666666,0.3333333333333333,0.16666666666666666,0.3333333333333333,0.16666666666666666,0.16666666666666666,0.16666666666666666,0.0,0.3333333333333333,0.3333333333333333,0.16666666666666666,0.3333333333333333,0.0,0.0,0.3333333333333333,0.3333333333333333,0.16666666666666666,0.16666666666666666,0.3333333333333333,0.16666666666666666,0.16666666666666666,0.16666666666666666,0.16666666666666666,0.3333333333333333,0.16666666666666666,0.16666666666666666,0.0,0.16666666666666666,0.16666666666666666,0.16666666666666666,0.3333333333333333,0.17647058823529413,0.0,0.0,0.16666666666666666,0.16666666666666666,0.0,0.3333333333333333,0.16666666666666666,0.0,0.3333333333333333,0.0,0.16666666666666666,0.3333333333333333,0.3333333333333333,0.3333333333333333,0.16666666666666666,0.16666666666666666,0.0,0.16666666666666666,0.0,0.0,0.5,0.3333333333333333,0.3333333333333333,0.3333333333333333,0.16666666666666666,0.0
201530900,0.16666666666666666,0.0,0.0,0.16666666666666666,0.3333333333333333,0.0,0.5,0.16666666666666666,0.16666666666666666,0.16666666666666666,0.16666666666666666,0.16666666666666666,0.16666666666666666,0.16666666666666666,0.0,0.16666666666666666,0.16666666666666666,0.0,0.16666666666666666,0.16666666666666666,0.0,0.16666666666666666,0.16666666666666666,0.16666666666666666,0.16666666666666666,0.5,0.16666666666666666,0.0,0.16666666666666666,0.16666666666666666,0.6666666666666666,0.16666666666666666,0.0,0.0,0.16666666666666666,0.3333333333333333,0.16666666666666666,0.5,0.17647058823529413,0.0,0.0,0.16666666666666666,0.16666666666666666,0.0,0.16666666666666666,0.16666666666666666,0.0,0.16666666666666666,0.0,0.16666666666666666,0.16666666666666666,0.16666666666666666,0.3333333333333333,0.16666666666666666,0.0,0.0,0.16666666666666666,0.0,0.0,0.3333333333333333,0.16666666666666666,0.5,0.16666666666666666,0.16666666666666666,0.0
201630998,0.3333333333333333,0.0,0.0,0.16666666666666666,0.3333333333333333,0.5,0.0,0.16666666666666666,0.16666666666666666,0.16666666666666666,0.3333333333333333,0.16666666666666666,0.3333333333333333,0.3333333333333333,0.0,0.16666666666666666,0.16666666666666666,0.0,0.16666666666666666,0.0,0.0,0.16666666666666666,0.16666666666666666,0.3333333333333333,0.16666666666666666,0.6666666666666666,0.16666666666666666,0.16666666666666666,0.16666666666666666,0.16666666666666666,0.5,0.16666666666666666,0.0,0.0,0.16666666666666666,0.3333333333333333,0.16666666666666666,0.3333333333333333,0.17647058823529413,0.0,0.0,0.16666666666666666,0.3333333333333333,0.0,0.16666666666666666,0.16666666666666666,0.0,0.16666666666666666,0.16666666666666666,0.16666666666666666,0.16666666666666666,0.16666666666666666,0.16666666666666666,0.16666666666666666,0.0,0.16666666666666666,0.3333333333333333,0.0,0.0,0.3333333333333333,0.16666666666666666,1.0,0.16666666666666666,0.5,0.0
201325087,0.16666666666666666,0.0,0.0,0.15,0.16666666666666666,0.16666666666666666,0.16666666666666666,0.0,0.15789473684210525,0.15789473684210525,0.2,0.16666666666666666,0.15789473684210525,0.15,0.0,0.16666666666666666,0.16666666666666666,0.0,0.16666666666666666,0.0,0.0,0.15789473684210525,0.15789473684210525,0.15789473684210525,0.16666666666666666,0.15,0.16666666666666666,0.0,0.16666666666666666,0.15789473684210525,0.15789473684210525,0.15789473684210525,0.0,0.0,0.16666666666666666,0.15789473684210525,0.16666666666666666,0.21052631578947367,0.17647058823529413,0.25,0.0,0.15789473684210525,0.15789473684210525,0.0,0.15789473684210525,0.0,0.0,0.15789473684210525,0.0,0.15789473684210525,0.16666666666666666,0.16666666666666666,0.16666666666666666,0.16666666666666666,0.0,0.0,0.16666666666666666,0.0,0.0,0.15,0.15789473684210525,0.16666666666666666,0.15,0.16666666666666666,0.0
201631778,0.16666666666666666,0.0,0.16666666666666666,0.47368421052631576,0.3333333333333333,0.16666666666666666,0.16666666666666666,0.15789473684210525,0.0,0.21052631578947367,0.47368421052631576,0.3333333333333333,0.15789473684210525,0.15789473684210525,0.0,0.3333333333333333,0.3333333333333333,0.15789473684210525,0.3333333333333333,0.0,0.0,0.3157894736842105,0.3157894736842105,0.15789473684210525,0.16666666666666666,0.15789473684210525,0.16666666666666666,0.15789473684210525,0.16666666666666666,0.15789473684210525,0.15789473684210525,0.15789473684210525,0.3684210526315789,0.0,0.16666666666666666,0.15789473684210525,0.16666666666666666,0.15789473684210525,0.17647058823529413,0.0,0.0,0.15789473684210525,0.15789473684210525,0.0,0.3157894736842105,0.0,0.0,0.3157894736842105,0.0,0.3157894736842105,0.3333333333333333,0.5,0.16666666666666666,0.16666666666666666,0.3157894736842105,0.0,0.16666666666666666,0.0,0.0,0.3157894736842105,0.15789473684210525,0.16666666666666666,0.47368421052631576,0.16666666666666666,0.0
201629741,0.16666666666666666,0.0,0.0,0.15789473684210525,0.16666666666666666,0.16666666666666666,0.16666666666666666,0.15789473684210525,0.21052631578947367,0.0,0.15789473684210525,0.16666666666666666,0.15789473684210525,0.15789473684210525,0.16666666666666666,0.16666666666666666,0.16666666666666666,0.0,0.16666666666666666,0.0,0.0,0.15789473684210525,0.15789473684210525,0.15789473684210525,0.16666666666666666,0.15789473684210525,0.16666666666666666,0.0,0.16666666666666666,0.15789473684210525,0.15789473684210525,0.15789473684210525,0.05263157894736842,0.0,0.16666666666666666,0.15789473684210525,0.16666666666666666,0.15789473684210525,0.17647058823529413,0.0,0.0,0.3157894736842105,0.15789473684210525,0.0,0.15789473684210525,0.16666666666666666,0.0,0.15789473684210525,0.15789473684210525,0.15789473684210525,0.16666666666666666,0.16666666666666666,0.16666666666666666,0.16666666666666666,0.0,0.0,0.16666666666666666,0.0,0.0,0.15789473684210525,0.15789473684210525,0.16666666666666666,0.15789473684210525,0.3333333333333333,0.0
201632054,0.16666666666666666,0.0,0.16666666666666666,0.3,0.3333333333333333,0.16666666666666666,0.3333333333333333,0.2,0.47368421052631576,0.15789473684210525,0.0,0.5,0.15789473684210525,0.15,0.0,0.3333333333333333,0.3333333333333333,0.3157894736842105,0.5,0.0,0.0,0.3157894736842105,0.3157894736842105,0.15789473684210525,0.16666666666666666,0.15,0.16666666666666666,0.45,0.16666666666666666,0.15789473684210525,0.15789473684210525,0.15789473684210525,0.15789473684210525,0.0,0.16666666666666666,0.15789473684210525,0.16666666666666666,0.15789473684210525,0.17647058823529413,0.0,0.0,0.15789473684210525,0.3157894736842105,0.3157894736842105,0.3157894736842105,0.0,0.0,0.47368421052631576,0.0,0.3157894736842105,0.5,0.5,0.16666666666666666,0.16666666666666666,0.15789473684210525,0.0,0.16666666666666666,0.0,0.0,0.3,0.15789473684210525,0.3333333333333333,0.45,0.3333333333333333,0.0
201632826,0.16666666666666666,0.0,0.0,0.16666666666666666,0.16666666666666666,0.16666666666666666,0.16666666666666666,0.16666666666666666,0.3333333333333333,0.16666666666666666,0.5,0.0,0.16666666666666666,0.16666666666666666,0.0,0.16666666666666666,0.16666666666666666,0.0,0.3333333333333333,0.0,0.0,0.16666666666666666,0.16666666666666666,0.16666666666666666,0.16666666666666666,0.16666666666666666,0.16666666666666666,0.16666666666666666,0.16666666666666666,0.16666666666666666,0.16666666666666666,0.16666666666666666,0.0,0.0,0.3333333333333333,0.16666666666666666,0.16666666666666666,0.16666666666666666,0.17647058823529413,0.0,0.0,0.16666666666666666,0.16666666666666666,0.16666666666666666,0.16666666666666666,0.0,0.0,0.3333333333333333,0.0,0.3333333333333333,0.16666666666666666,0.3333333333333333,0.16666666666666666,0.16666666666666666,0.0,0.0,0.16666666666666666,0.0,0.0,0.16666666666666666,0.16666666666666666,0.16666666666666666,0.3333333333333333,0.16666666666666666,0.0
201621563,0.3333333333333333,0.0,0.0,0.15789473684210525,0.16666666666666666,0.16666666666666666,0.3333333333333333,0.15789473684210525,0.15789473684210525,0.15789473684210525,0.15789473684210525,0.16666666666666666,0.0,0.3157894736842105,0.0,0.16666666666666666,0.16666666666666666,0.0,0.16666666666666666,0.15789473684210525,0.0,0.15789473684210525,0.15789473684210525,0.3157894736842105,0.16666666666666666,0.3157894736842105,0.16666666666666666,0.0,0.16666666666666666,0.15789473684210525,0.15789473684210525,0.15789473684210525,0.15789473684210525,0.0,0.16666666666666666,0.15789473684210525,0.16666666666666666,0.15789473684210525,0.17647058823529413,0.0,0.0,0.15789473684210525,0.3157894736842105,0.0,0.15789473684210525,0.0,0.0,0.15789473684210525,0.15789473684210525,0.15789473684210525,0.16666666666666666,0.16666666666666666,0.16666666666666666,0.16666666666666666,0.0,0.15789473684210525,0.3333333333333333,0.0,0.0,0.15789473684210525,0.15789473684210525,0.3333333333333333,0.15789473684210525,0.16666666666666666,0.0
201615940,0.3333333333333333,0.0,0.0,0.15,0.16666666666666666,0.16666666666666666,0.3333333333333333,0.15,0.15789473684210525,0.15789473684210525,0.15,0.16666666666666666,0.3157894736842105,0.0,0.0,0.16666666666666666,0.16666666666666666,0.0,0.16666666666666666,0.0,0.0,0.15789473684210525,0.15789473684210525,0.47368421052631576,0.3333333333333333,0.3,0.16666666666666666,0.0,0.16666666666666666,0.15789473684210525,0.15789473684210525,0.15789473684210525,0.0,0.0,0.16666666666666666,0.3157894736842105,0.3333333333333333,0.15789473684210525,0.17647058823529413,0.0,0.0,0.15789473684210525,0.3157894736842105,0.0,0.15789473684210525,0.0,0.0,0.15789473684210525,0.3157894736842105,0.15789473684210525,0.16666666666666666,0.3333333333333333,0.16666666666666666,0.16666666666666666,0.0,0.15789473684210525,0.3333333333333333,0.0,0.0,0.15,0.15789473684210525,0.3333333333333333,0.3,0.16666666666666666,0.0
201631813,0.0,0.16666666666666666,0.16666666666666666,0.0,0.0,0.0,0.0,0.0,0.0,0.16666666666666666,0.0,0.0,0.0,0.0,0.0,0.0,0.0,0.16666666666666666,0.0,0.16666666666666666,0.16666666666666666,0.0,0.0,0.0,0.0,0.0,0.0,0.16666666666666666,0.0,0.0,0.0,0.16666666666666666,0.16666666666666666,0.16666666666666666,0.0,0.0,0.0,0.0,0.0,0.0,0.3333333333333333,0.0,0.0,0.16666666666666666,0.0,0.16666666666666666,0.16666666666666666,0.0,0.16666666666666666,0.0,0.0,0.16666666666666666,0.0,0.0,0.3333333333333333,0.16666666666666666,0.0,0.16666666666666666,0.16666666666666666,0.0,0.0,0.0,0.16666666666666666,0.0,0.2
201624136,0.16666666666666666,0.0,0.16666666666666666,0.5,0.3333333333333333,0.16666666666666666,0.16666666666666666,0.16666666666666666,0.3333333333333333,0.16666666666666666,0.3333333333333333,0.16666666666666666,0.16666666666666666,0.16666666666666666,0.0,0.0,0.3333333333333333,0.16666666666666666,0.3333333333333333,0.0,0.0,0.3333333333333333,0.3333333333333333,0.16666666666666666,0.16666666666666666,0.16666666666666666,0.16666666666666666,0.16666666666666666,0.16666666666666666,0.16666666666666666,0.16666666666666666,0.16666666666666666,0.16666666666666666,0.0,0.16666666666666666,0.16666666666666666,0.16666666666666666,0.16666666666666666,0.17647058823529413,0.0,0.0,0.3333333333333333,0.16666666666666666,0.0,0.3333333333333333,0.0,0.0,0.3333333333333333,0.0,0.16666666666666666,0.3333333333333333,0.3333333333333333,0.16666666666666666,0.16666666666666666,0.16666666666666666,0.0,0.16666666666666666,0.0,0.0,0.3333333333333333,0.16666666666666666,0.16666666666666666,0.3333333333333333,0.16666666666666666,0.0
201631306,0.16666666666666666,0.0,0.16666666666666666,0.3333333333333333,0.3333333333333333,0.16666666666666666,0.16666666666666666,0.16666666666666666,0.3333333333333333,0.16666666666666666,0.3333333333333333,0.16666666666666666,0.16666666666666666,0.16666666666666666,0.0,0.3333333333333333,0.0,0.16666666666666666,0.3333333333333333,0.0,0.0,0.3333333333333333,0.3333333333333333,0.16666666666666666,0.16666666666666666,0.16666666666666666,0.16666666666666666,0.16666666666666666,0.16666666666666666,0.3333333333333333,0.16666666666666666,0.16666666666666666,0.16666666666666666,0.0,0.16666666666666666,0.16666666666666666,0.16666666666666666,0.16666666666666666,0.17647058823529413,0.0,0.0,0.16666666666666666,0.16666666666666666,0.0,0.3333333333333333,0.0,0.0,0.3333333333333333,0.0,0.16666666666666666,0.3333333333333333,0.3333333333333333,0.16666666666666666,0.16666666666666666,0.16666666666666666,0.16666666666666666,0.16666666666666666,0.0,0.0,0.3333333333333333,0.16666666666666666,0.16666666666666666,0.3333333333333333,0.16666666666666666,0.0
201632586,0.0,0.16666666666666666,0.3333333333333333,0.15789473684210525,0.16666666666666666,0.0,0.0,0.0,0.15789473684210525,0.0,0.3157894736842105,0.0,0.0,0.0,0.16666666666666666,0.16666666666666666,0.16666666666666666,0.0,0.16666666666666666,0.15789473684210525,0.16666666666666666,0.15789473684210525,0.15789473684210525,0.0,0.0,0.05263157894736842,0.0,0.3157894736842105,0.0,0.15789473684210525,0.0,0.0,0.3157894736842105,0.16666666666666666,0.16666666666666666,0.0,0.0,0.0,0.0,0.0,0.16666666666666666,0.0,0.15789473684210525,0.3157894736842105,0.15789473684210525,0.16666666666666666,0.16666666666666666,0.3157894736842105,0.15789473684210525,0.0,0.3333333333333333,0.16666666666666666,0.0,0.0,0.3157894736842105,0.15789473684210525,0.0,0.16666666666666666,0.16666666666666666,0.15789473684210525,0.0,0.0,0.15789473684210525,0.0,0.2
201632846,0.3333333333333333,0.0,0.16666666666666666,0.3333333333333333,0.3333333333333333,0.16666666666666666,0.16666666666666666,0.16666666666666666,0.3333333333333333,0.16666666666666666,0.5,0.3333333333333333,0.16666666666666666,0.16666666666666666,0.0,0.3333333333333333,0.3333333333333333,0.16666666666666666,0.0,0.0,0.3333333333333333,0.5,0.3333333333333333,0.16666666666666666,0.16666666666666666,0.16666666666666666,0.16666666666666666,0.3333333333333333,0.16666666666666666,0.16666666666666666,0.16666666666666666,0.16666666666666666,0.16666666666666666,0.0,0.16666666666666666,0.16666666666666666,0.3333333333333333,0.16666666666666666,0.17647058823529413,0.0,0.0,0.16666666666666666,0.16666666666666666,0.3333333333333333,0.3333333333333333,0.0,0.0,0.6666666666666666,0.0,0.16666666666666666,0.3333333333333333,0.3333333333333333,0.16666666666666666,0.16666666666666666,0.16666666666666666,0.0,0.16666666666666666,0.0,0.0,0.3333333333333333,0.16666666666666666,0.16666666666666666,0.3333333333333333,0.16666666666666666,0.0
201632337,0.0,0.16666666666666666,0.16666666666666666,0.0,0.0,0.16666666666666666,0.0,0.0,0.0,0.0,0.0,0.0,0.15789473684210525,0.0,0.16666666666666666,0.0,0.0,0.15789473684210525,0.0,0.0,0.16666666666666666,0.0,0.0,0.0,0.0,0.0,0.0,0.15789473684210525,0.0,0.0,0.15789473684210525,0.0,0.3157894736842105,0.16666666666666666,0.0,0.0,0.0,0.3157894736842105,0.0,0.0,0.16666666666666666,0.15789473684210525,0.0,0.15789473684210525,0.0,0.16666666666666666,0.16666666666666666,0.0,0.15789473684210525,0.0,0.0,0.0,0.16666666666666666,0.0,0.15789473684210525,0.15789473684210525,0.0,0.16666666666666666,0.16666666666666666,0.0,0.0,0.0,0.0,0.0,0.2
201630553,0.16666666666666666,0.16666666666666666,0.16666666666666666,0.0,0.0,0.0,0.0,0.0,0.0,0.0,0.0,0.0,0.0,0.0,0.16666666666666666,0.0,0.0,0.16666666666666666,0.3333333333333333,0.16666666666666666,0.0,0.16666666666666666,0.0,0.0,0.0,0.0,0.0,0.16666666666666666,0.0,0.0,0.0,0.0,0.16666666666666666,0.16666666666666666,0.0,0.0,0.16666666666666666,0.0,0.35294117647058826,0.0,0.16666666666666666,0.0,0.0,0.3333333333333333,0.0,0.16666666666666666,0.16666666666666666,0.16666666666666666,0.16666666666666666,0.16666666666666666,0.0,0.0,0.0,0.0,0.16666666666666666,0.16666666666666666,0.0,0.16666666666666666,0.16666666666666666,0.0,0.16666666666666666,0.0,0.0,0.0,0.4
201532770,0.5,0.0,0.16666666666666666,0.3157894736842105,0.3333333333333333,0.16666666666666666,0.16666666666666666,0.15789473684210525,0.3157894736842105,0.15789473684210525,0.3157894736842105,0.16666666666666666,0.15789473684210525,0.15789473684210525,0.0,0.3333333333333333,0.3333333333333333,0.15789473684210525,0.5,0.0,0.16666666666666666,0.0,0.3157894736842105,0.15789473684210525,0.16666666666666666,0.15789473684210525,0.16666666666666666,0.15789473684210525,0.3333333333333333,0.15789473684210525,0.15789473684210525,0.15789473684210525,0.15789473684210525,0.0,0.16666666666666666,0.15789473684210525,0.3333333333333333,0.15789473684210525,0.17647058823529413,0.0,0.16666666666666666,0.15789473684210525,0.3157894736842105,0.0,0.3157894736842105,0.0,0.0,0.47368421052631576,0.0,0.15789473684210525,0.5,0.3333333333333333,0.16666666666666666,0.16666666666666666,0.15789473684210525,0.0,0.16666666666666666,0.0,0.0,0.3157894736842105,0.3157894736842105,0.16666666666666666,0.3157894736842105,0.16666666666666666,0.0
201630821,0.16666666666666666,0.0,0.16666666666666666,0.3157894736842105,0.3333333333333333,0.16666666666666666,0.16666666666666666,0.15789473684210525,0.3157894736842105,0.15789473684210525,0.3157894736842105,0.16666666666666666,0.15789473684210525,0.15789473684210525,0.0,0.3333333333333333,0.3333333333333333,0.15789473684210525,0.3333333333333333,0.0,0.0,0.3157894736842105,0.0,0.15789473684210525,0.16666666666666666,0.15789473684210525,0.16666666666666666,0.3684210526315789,0.16666666666666666,0.15789473684210525,0.15789473684210525,0.3157894736842105,0.15789473684210525,0.0,0.16666666666666666,0.3157894736842105,0.16666666666666666,0.15789473684210525,0.17647058823529413,0.0,0.0,0.15789473684210525,0.15789473684210525,0.0,0.6842105263157895,0.0,0.0,0.3157894736842105,0.0,0.15789473684210525,0.3333333333333333,0.3333333333333333,0.16666666666666666,0.16666666666666666,0.15789473684210525,0.0,0.16666666666666666,0.0,0.16666666666666666,0.3157894736842105,0.15789473684210525,0.16666666666666666,0.3157894736842105,0.16666666666666666,0.2
201618028,0.3333333333333333,0.0,0.0,0.15789473684210525,0.16666666666666666,0.16666666666666666,0.3333333333333333,0.15789473684210525,0.15789473684210525,0.15789473684210525,0.15789473684210525,0.16666666666666666,0.3157894736842105,0.47368421052631576,0.0,0.16666666666666666,0.16666666666666666,0.0,0.16666666666666666,0.0,0.0,0.15789473684210525,0.15789473684210525,0.0,0.3333333333333333,0.3157894736842105,0.16666666666666666,0.0,0.16666666666666666,0.15789473684210525,0.15789473684210525,0.15789473684210525,0.0,0.0,0.16666666666666666,0.15789473684210525,0.3333333333333333,0.15789473684210525,0.17647058823529413,0.0,0.0,0.15789473684210525,0.3157894736842105,0.0,0.15789473684210525,0.0,0.0,0.15789473684210525,0.15789473684210525,0.3157894736842105,0.16666666666666666,0.16666666666666666,0.16666666666666666,0.16666666666666666,0.0,0.15789473684210525,0.5,0.0,0.16666666666666666,0.15789473684210525,0.3157894736842105,0.3333333333333333,0.15789473684210525,0.16666666666666666,0.0
201632621,0.16666666666666666,0.0,0.0,0.16666666666666666,0.16666666666666666,0.16666666666666666,0.16666666666666666,0.16666666666666666,0.16666666666666666,0.16666666666666666,0.16666666666666666,0.16666666666666666,0.16666666666666666,0.3333333333333333,0.0,0.16666666666666666,0.16666666666666666,0.0,0.16666666666666666,0.0,0.0,0.16666666666666666,0.16666666666666666,0.3333333333333333,0.0,0.16666666666666666,0.5,0.0,0.3333333333333333,0.3333333333333333,0.16666666666666666,0.16666666666666666,0.0,0.0,0.16666666666666666,0.3333333333333333,0.5,0.16666666666666666,0.17647058823529413,0.0,0.0,0.3333333333333333,0.16666666666666666,0.16666666666666666,0.16666666666666666,0.16666666666666666,0.16666666666666666,0.16666666666666666,0.0,0.3333333333333333,0.16666666666666666,0.16666666666666666,0.3333333333333333,0.3333333333333333,0.0,0.0,0.16666666666666666,0.16666666666666666,0.16666666666666666,0.16666666666666666,0.16666666666666666,0.16666666666666666,0.16666666666666666,0.16666666666666666,0.0
201532016,0.5,0.0,0.0,0.15,0.3333333333333333,0.5,0.6666666666666666,0.15,0.15789473684210525,0.15789473684210525,0.15,0.16666666666666666,0.3157894736842105,0.3,0.0,0.16666666666666666,0.16666666666666666,0.05263157894736842,0.16666666666666666,0.0,0.0,0.15789473684210525,0.15789473684210525,0.3157894736842105,0.16666666666666666,0.0,0.16666666666666666,0.0,0.16666666666666666,0.3157894736842105,0.47368421052631576,0.15789473684210525,0.0,0.0,0.16666666666666666,0.3157894736842105,0.16666666666666666,0.3157894736842105,0.17647058823529413,0.0,0.0,0.15789473684210525,0.3157894736842105,0.0,0.15789473684210525,0.16666666666666666,0.0,0.15789473684210525,0.15789473684210525,0.15789473684210525,0.16666666666666666,0.16666666666666666,0.16666666666666666,0.16666666666666666,0.0,0.15789473684210525,0.3333333333333333,0.0,0.0,0.3,0.15789473684210525,0.6666666666666666,0.15,0.16666666666666666,0.0
201633393,0.16666666666666666,0.0,0.0,0.16666666666666666,0.16666666666666666,0.16666666666666666,0.16666666666666666,0.16666666666666666,0.16666666666666666,0.16666666666666666,0.16666666666666666,0.16666666666666666,0.16666666666666666,0.16666666666666666,0.0,0.16666666666666666,0.16666666666666666,0.0,0.16666666666666666,0.0,0.0,0.16666666666666666,0.16666666666666666,0.16666666666666666,0.5,0.16666666666666666,0.0,0.0,0.3333333333333333,0.3333333333333333,0.16666666666666666,0.16666666666666666,0.0,0.0,0.16666666666666666,0.3333333333333333,0.3333333333333333,0.16666666666666666,0.17647058823529413,0.0,0.0,0.16666666666666666,0.16666666666666666,0.16666666666666666,0.16666666666666666,0.16666666666666666,0.16666666666666666,0.16666666666666666,0.0,0.3333333333333333,0.16666666666666666,0.16666666666666666,0.16666666666666666,0.5,0.0,0.0,0.16666666666666666,0.16666666666666666,0.16666666666666666,0.16666666666666666,0.16666666666666666,0.16666666666666666,0.16666666666666666,0.16666666666666666,0.0
201629818,0.0,0.16666666666666666,0.3333333333333333,0.3,0.16666666666666666,0.0,0.16666666666666666,0.0,0.15789473684210525,0.0,0.45,0.16666666666666666,0.0,0.0,0.16666666666666666,0.16666666666666666,0.16666666666666666,0.3157894736842105,0.3333333333333333,0.15789473684210525,0.16666666666666666,0.15789473684210525,0.3684210526315789,0.0,0.0,0.0,0.0,0.0,0.0,0.0,0.0,0.0,0.3157894736842105,0.16666666666666666,0.0,0.0,0.0,0.0,0.0,0.0,0.16666666666666666,0.0,0.0,0.3157894736842105,0.3684210526315789,0.16666666666666666,0.16666666666666666,0.3157894736842105,0.15789473684210525,0.0,0.16666666666666666,0.16666666666666666,0.0,0.0,0.3157894736842105,0.15789473684210525,0.16666666666666666,0.16666666666666666,0.16666666666666666,0.15,0.0,0.16666666666666666,0.15,0.16666666666666666,0.2
201629566,0.3333333333333333,0.0,0.0,0.16666666666666666,0.16666666666666666,0.16666666666666666,0.16666666666666666,0.16666666666666666,0.16666666666666666,0.16666666666666666,0.16666666666666666,0.16666666666666666,0.16666666666666666,0.16666666666666666,0.0,0.16666666666666666,0.16666666666666666,0.0,0.16666666666666666,0.0,0.0,0.3333333333333333,0.16666666666666666,0.16666666666666666,0.3333333333333333,0.16666666666666666,0.3333333333333333,0.0,0.0,0.3333333333333333,0.16666666666666666,0.16666666666666666,0.0,0.0,0.16666666666666666,0.3333333333333333,0.5,0.16666666666666666,0.17647058823529413,0.0,0.16666666666666666,0.16666666666666666,0.3333333333333333,0.16666666666666666,0.16666666666666666,0.16666666666666666,0.16666666666666666,0.16666666666666666,0.0,0.16666666666666666,0.3333333333333333,0.3333333333333333,0.16666666666666666,0.3333333333333333,0.0,0.0,0.16666666666666666,0.16666666666666666,0.16666666666666666,0.16666666666666666,0.3333333333333333,0.16666666666666666,0.3333333333333333,0.16666666666666666,0.0
201630079,0.16666666666666666,0.0,0.0,0.15789473684210525,0.16666666666666666,0.16666666666666666,0.16666666666666666,0.15789473684210525,0.15789473684210525,0.15789473684210525,0.15789473684210525,0.16666666666666666,0.15789473684210525,0.15789473684210525,0.0,0.16666666666666666,0.3333333333333333,0.15789473684210525,0.16666666666666666,0.0,0.0,0.15789473684210525,0.15789473684210525,0.15789473684210525,0.3333333333333333,0.3157894736842105,0.3333333333333333,0.0,0.3333333333333333,0.0,0.15789473684210525,0.15789473684210525,0.0,0.16666666666666666,0.3333333333333333,0.3157894736842105,0.3333333333333333,0.15789473684210525,0.17647058823529413,0.0,0.0,0.15789473684210525,0.15789473684210525,0.15789473684210525,0.15789473684210525,0.16666666666666666,0.16666666666666666,0.3157894736842105,0.0,0.15789473684210525,0.16666666666666666,0.16666666666666666,0.16666666666666666,0.3333333333333333,0.0,0.0,0.16666666666666666,0.16666666666666666,0.16666666666666666,0.15789473684210525,0.15789473684210525,0.16666666666666666,0.15789473684210525,0.3333333333333333,0.0
201631873,0.16666666666666666,0.0,0.16666666666666666,0.15789473684210525,0.3333333333333333,0.6666666666666666,0.5,0.15789473684210525,0.15789473684210525,0.15789473684210525,0.15789473684210525,0.16666666666666666,0.15789473684210525,0.15789473684210525,0.0,0.16666666666666666,0.16666666666666666,0.0,0.16666666666666666,0.15789473684210525,0.0,0.15789473684210525,0.15789473684210525,0.15789473684210525,0.16666666666666666,0.47368421052631576,0.16666666666666666,0.0,0.16666666666666666,0.15789473684210525,0.0,0.15789473684210525,0.0,0.0,0.16666666666666666,0.3157894736842105,0.16666666666666666,0.631578947368421,0.17647058823529413,0.0,0.0,0.15789473684210525,0.15789473684210525,0.0,0.15789473684210525,0.16666666666666666,0.0,0.15789473684210525,0.0,0.15789473684210525,0.16666666666666666,0.16666666666666666,0.3333333333333333,0.16666666666666666,0.0,0.15789473684210525,0.16666666666666666,0.0,0.0,0.3157894736842105,0.15789473684210525,0.5,0.15789473684210525,0.16666666666666666,0.0
201632132,0.16666666666666666,0.16666666666666666,0.0,0.15789473684210525,0.16666666666666666,0.16666666666666666,0.16666666666666666,0.15789473684210525,0.15789473684210525,0.15789473684210525,0.15789473684210525,0.16666666666666666,0.15789473684210525,0.15789473684210525,0.16666666666666666,0.16666666666666666,0.16666666666666666,0.0,0.16666666666666666,0.0,0.0,0.15789473684210525,0.3157894736842105,0.15789473684210525,0.16666666666666666,0.15789473684210525,0.16666666666666666,0.0,0.16666666666666666,0.15789473684210525,0.15789473684210525,0.0,0.0,0.16666666666666666,0.16666666666666666,0.3157894736842105,0.16666666666666666,0.15789473684210525,0.17647058823529413,0.0,0.0,0.15789473684210525,0.15789473684210525,0.0,0.3157894736842105,0.0,0.0,0.15789473684210525,0.0,0.15789473684210525,0.16666666666666666,0.16666666666666666,0.16666666666666666,0.16666666666666666,0.0,0.0,0.16666666666666666,0.0,0.16666666666666666,0.15789473684210525,0.15789473684210525,0.16666666666666666,0.15789473684210525,0.16666666666666666,0.4
201623429,0.0,0.16666666666666666,0.3333333333333333,0.15789473684210525,0.16666666666666666,0.0,0.0,0.0,0.3684210526315789,0.05263157894736842,0.15789473684210525,0.0,0.15789473684210525,0.0,0.16666666666666666,0.16666666666666666,0.16666666666666666,0.3157894736842105,0.16666666666666666,0.3157894736842105,0.16666666666666666,0.15789473684210525,0.15789473684210525,0.0,0.0,0.0,0.0,0.3157894736842105,0.0,0.0,0.0,0.0,0.0,0.16666666666666666,0.0,0.0,0.0,0.0,0.0,0.0,0.16666666666666666,0.0,0.0,0.15789473684210525,0.15789473684210525,0.16666666666666666,0.16666666666666666,0.15789473684210525,0.15789473684210525,0.0,0.16666666666666666,0.16666666666666666,0.0,0.0,0.3157894736842105,0.15789473684210525,0.0,0.16666666666666666,0.16666666666666666,0.15789473684210525,0.0,0.0,0.15789473684210525,0.0,0.2
201631123,0.0,0.3333333333333333,0.16666666666666666,0.0,0.0,0.0,0.0,0.0,0.0,0.0,0.0,0.0,0.0,0.0,0.16666666666666666,0.0,0.0,0.16666666666666666,0.0,0.16666666666666666,0.16666666666666666,0.0,0.0,0.0,0.0,0.0,0.0,0.16666666666666666,0.0,0.16666666666666666,0.0,0.16666666666666666,0.16666666666666666,0.0,0.0,0.0,0.0,0.0,0.0,0.0,0.16666666666666666,0.0,0.0,0.16666666666666666,0.0,0.16666666666666666,0.3333333333333333,0.0,0.16666666666666666,0.0,0.0,0.0,0.0,0.16666666666666666,0.16666666666666666,0.16666666666666666,0.0,0.3333333333333333,0.16666666666666666,0.0,0.0,0.0,0.0,0.3333333333333333,0.2
201629588,0.16666666666666666,0.0,0.0,0.16666666666666666,0.16666666666666666,0.16666666666666666,0.16666666666666666,0.16666666666666666,0.16666666666666666,0.16666666666666666,0.16666666666666666,0.3333333333333333,0.16666666666666666,0.16666666666666666,0.0,0.16666666666666666,0.16666666666666666,0.16666666666666666,0.16666666666666666,0.0,0.0,0.16666666666666666,0.16666666666666666,0.16666666666666666,0.16666666666666666,0.16666666666666666,0.16666666666666666,0.0,0.16666666666666666,0.3333333333333333,0.16666666666666666,0.16666666666666666,0.0,0.0,0.0,0.16666666666666666,0.16666666666666666,0.16666666666666666,0.17647058823529413,0.0,0.0,0.16666666666666666,0.16666666666666666,0.0,0.16666666666666666,0.0,0.0,0.3333333333333333,0.0,0.16666666666666666,0.16666666666666666,0.16666666666666666,0.3333333333333333,0.16666666666666666,0.0,0.0,0.16666666666666666,0.0,0.0,0.16666666666666666,0.16666666666666666,0.16666666666666666,0.16666666666666666,0.16666666666666666,0.0
201631897,0.16666666666666666,0.0,0.0,0.3157894736842105,0.16666666666666666,0.3333333333333333,0.3333333333333333,0.15789473684210525,0.15789473684210525,0.15789473684210525,0.15789473684210525,0.16666666666666666,0.15789473684210525,0.3157894736842105,0.0,0.16666666666666666,0.16666666666666666,0.0,0.16666666666666666,0.0,0.0,0.15789473684210525,0.3157894736842105,0.15789473684210525,0.3333333333333333,0.3157894736842105,0.3333333333333333,0.0,0.3333333333333333,0.3157894736842105,0.3157894736842105,0.3157894736842105,0.0,0.0,0.16666666666666666,0.0,0.5,0.3157894736842105,0.17647058823529413,0.0,0.0,0.15789473684210525,0.15789473684210525,0.15789473684210525,0.3157894736842105,0.16666666666666666,0.16666666666666666,0.15789473684210525,0.0,0.15789473684210525,0.16666666666666666,0.16666666666666666,0.16666666666666666,0.3333333333333333,0.0,0.0,0.3333333333333333,0.16666666666666666,0.3333333333333333,0.3157894736842105,0.15789473684210525,0.3333333333333333,0.15789473684210525,0.16666666666666666,0.2
201631644,0.3333333333333333,0.0,0.0,0.3333333333333333,0.16666666666666666,0.16666666666666666,0.16666666666666666,0.16666666666666666,0.16666666666666666,0.16666666666666666,0.16666666666666666,0.16666666666666666,0.16666666666666666,0.3333333333333333,0.0,0.16666666666666666,0.16666666666666666,0.0,0.3333333333333333,0.0,0.16666666666666666,0.3333333333333333,0.16666666666666666,0.3333333333333333,0.5,0.16666666666666666,0.3333333333333333,0.0,0.5,0.3333333333333333,0.16666666666666666,0.16666666666666666,0.0,0.0,0.16666666666666666,0.5,0.0,0.3333333333333333,0.17647058823529413,0.0,0.16666666666666666,0.16666666666666666,0.3333333333333333,0.3333333333333333,0.16666666666666666,0.16666666666666666,0.16666666666666666,0.16666666666666666,0.0,0.16666666666666666,0.3333333333333333,0.16666666666666666,0.16666666666666666,0.3333333333333333,0.0,0.0,0.3333333333333333,0.16666666666666666,0.16666666666666666,0.16666666666666666,0.3333333333333333,0.16666666666666666,0.16666666666666666,0.16666666666666666,0.0
201631391,0.16666666666666666,0.0,0.16666666666666666,0.3157894736842105,0.3333333333333333,0.5,0.3333333333333333,0.21052631578947367,0.15789473684210525,0.15789473684210525,0.15789473684210525,0.16666666666666666,0.15789473684210525,0.15789473684210525,0.0,0.16666666666666666,0.16666666666666666,0.0,0.16666666666666666,0.3157894736842105,0.0,0.15789473684210525,0.15789473684210525,0.15789473684210525,0.16666666666666666,0.3157894736842105,0.16666666666666666,0.0,0.16666666666666666,0.15789473684210525,0.631578947368421,0.15789473684210525,0.0,0.0,0.16666666666666666,0.3157894736842105,0.3333333333333333,0.0,0.17647058823529413,0.0,0.0,0.3157894736842105,0.15789473684210525,0.0,0.15789473684210525,0.16666666666666666,0.0,0.15789473684210525,0.0,0.15789473684210525,0.16666666666666666,0.16666666666666666,0.3333333333333333,0.16666666666666666,0.0,0.15789473684210525,0.3333333333333333,0.0,0.0,0.15789473684210525,0.15789473684210525,0.3333333333333333,0.15789473684210525,0.16666666666666666,0.0
201612452,0.17647058823529413,0.0,0.0,0.17647058823529413,0.17647058823529413,0.17647058823529413,0.17647058823529413,0.17647058823529413,0.17647058823529413,0.17647058823529413,0.17647058823529413,0.17647058823529413,0.17647058823529413,0.17647058823529413,0.0,0.17647058823529413,0.17647058823529413,0.0,0.17647058823529413,0.0,0.35294117647058826,0.17647058823529413,0.17647058823529413,0.17647058823529413,0.17647058823529413,0.17647058823529413,0.17647058823529413,0.0,0.17647058823529413,0.17647058823529413,0.17647058823529413,0.17647058823529413,0.0,0.0,0.17647058823529413,0.17647058823529413,0.17647058823529413,0.17647058823529413,0.0,0.0,0.17647058823529413,0.17647058823529413,0.17647058823529413,0.0,0.17647058823529413,0.0,0.17647058823529413,0.17647058823529413,0.0,0.35294117647058826,0.17647058823529413,0.17647058823529413,0.17647058823529413,0.17647058823529413,0.0,0.0,0.17647058823529413,0.0,0.0,0.17647058823529413,0.35294117647058826,0.17647058823529413,0.17647058823529413,0.17647058823529413,0.2
201325988,0.0,0.0,0.0,0.0,0.0,0.0,0.0,0.25,0.0,0.0,0.0,0.0,0.0,0.0,0.0,0.0,0.0,0.0,0.0,0.0,0.0,0.0,0.0,0.0,0.0,0.0,0.0,0.0,0.0,0.0,0.0,0.0,0.0,0.0,0.0,0.0,0.0,0.0,0.0,0.0,0.0,0.0,0.0,0.0,0.0,0.0,0.0,0.0,0.0,0.0,0.0,0.0,0.0,0.0,0.0,0.0,0.0,0.0,0.0,0.0,0.0,0.0,0.0,0.0,0.0
201630631,0.16666666666666666,0.16666666666666666,0.16666666666666666,0.0,0.0,0.0,0.0,0.0,0.0,0.0,0.0,0.0,0.0,0.0,0.3333333333333333,0.0,0.0,0.16666666666666666,0.0,0.16666666666666666,0.16666666666666666,0.16666666666666666,0.0,0.0,0.0,0.0,0.0,0.16666666666666666,0.16666666666666666,0.0,0.0,0.0,0.16666666666666666,0.16666666666666666,0.0,0.0,0.16666666666666666,0.0,0.17647058823529413,0.0,0.0,0.0,0.16666666666666666,0.16666666666666666,0.0,0.16666666666666666,0.16666666666666666,0.0,0.16666666666666666,0.0,0.16666666666666666,0.0,0.0,0.0,0.3333333333333333,0.16666666666666666,0.0,0.16666666666666666,0.16666666666666666,0.0,0.16666666666666666,0.0,0.0,0.0,0.2
201616552,0.16666666666666666,0.0,0.0,0.3157894736842105,0.16666666666666666,0.16666666666666666,0.16666666666666666,0.15789473684210525,0.15789473684210525,0.3157894736842105,0.15789473684210525,0.16666666666666666,0.15789473684210525,0.15789473684210525,0.0,0.3333333333333333,0.16666666666666666,0.0,0.16666666666666666,0.15789473684210525,0.0,0.15789473684210525,0.15789473684210525,0.15789473684210525,0.3333333333333333,0.15789473684210525,0.16666666666666666,0.0,0.16666666666666666,0.15789473684210525,0.15789473684210525,0.15789473684210525,0.0,0.0,0.16666666666666666,0.15789473684210525,0.16666666666666666,0.3157894736842105,0.17647058823529413,0.0,0.0,0.0,0.15789473684210525,0.0,0.15789473684210525,0.0,0.0,0.15789473684210525,0.0,0.15789473684210525,0.16666666666666666,0.16666666666666666,0.16666666666666666,0.16666666666666666,0.0,0.0,0.16666666666666666,0.0,0.0,0.15789473684210525,0.15789473684210525,0.16666666666666666,0.15789473684210525,0.3333333333333333,0.0
201631913,0.5,0.0,0.0,0.15789473684210525,0.16666666666666666,0.16666666666666666,0.3333333333333333,0.15789473684210525,0.15789473684210525,0.15789473684210525,0.3157894736842105,0.16666666666666666,0.3157894736842105,0.3157894736842105,0.0,0.16666666666666666,0.16666666666666666,0.15789473684210525,0.16666666666666666,0.0,0.0,0.3157894736842105,0.15789473684210525,0.3157894736842105,0.16666666666666666,0.3157894736842105,0.16666666666666666,0.0,0.3333333333333333,0.15789473684210525,0.15789473684210525,0.15789473684210525,0.0,0.0,0.16666666666666666,0.15789473684210525,0.3333333333333333,0.15789473684210525,0.17647058823529413,0.0,0.16666666666666666,0.15789473684210525,0.0,0.15789473684210525,0.15789473684210525,0.0,0.0,0.15789473684210525,0.15789473684210525,0.21052631578947367,0.5,0.16666666666666666,0.16666666666666666,0.16666666666666666,0.0,0.15789473684210525,0.3333333333333333,0.0,0.0,0.15789473684210525,0.3157894736842105,0.3333333333333333,0.15789473684210525,0.16666666666666666,0.0
201632939,0.0,0.16666666666666666,0.16666666666666666,0.0,0.0,0.0,0.0,0.0,0.0,0.0,0.3157894736842105,0.16666666666666666,0.0,0.0,0.16666666666666666,0.0,0.0,0.3157894736842105,0.3333333333333333,0.15789473684210525,0.3333333333333333,0.0,0.0,0.0,0.16666666666666666,0.0,0.16666666666666666,0.3157894736842105,0.16666666666666666,0.15789473684210525,0.0,0.0,0.15789473684210525,0.16666666666666666,0.0,0.15789473684210525,0.3333333333333333,0.0,0.0,0.0,0.16666666666666666,0.0,0.15789473684210525,0.0,0.0,0.3333333333333333,0.3333333333333333,0.15789473684210525,0.15789473684210525,0.0,0.16666666666666666,0.0,0.0,0.16666666666666666,0.15789473684210525,0.15789473684210525,0.0,0.3333333333333333,0.3333333333333333,0.0,0.0,0.0,0.0,0.0,0.2
201631916,0.16666666666666666,0.0,0.16666666666666666,0.3157894736842105,0.3333333333333333,0.16666666666666666,0.16666666666666666,0.15789473684210525,0.3157894736842105,0.15789473684210525,0.3157894736842105,0.16666666666666666,0.15789473684210525,0.15789473684210525,0.0,0.3333333333333333,0.3333333333333333,0.15789473684210525,0.3333333333333333,0.0,0.0,0.3157894736842105,0.6842105263157895,0.15789473684210525,0.16666666666666666,0.15789473684210525,0.16666666666666666,0.3684210526315789,0.16666666666666666,0.15789473684210525,0.15789473684210525,0.3157894736842105,0.15789473684210525,0.0,0.16666666666666666,0.3157894736842105,0.16666666666666666,0.15789473684210525,0.17647058823529413,0.0,0.0,0.15789473684210525,0.15789473684210525,0.0,0.0,0.0,0.0,0.3157894736842105,0.0,0.15789473684210525,0.3333333333333333,0.3333333333333333,0.16666666666666666,0.3333333333333333,0.15789473684210525,0.0,0.16666666666666666,0.0,0.16666666666666666,0.3157894736842105,0.15789473684210525,0.16666666666666666,0.3157894736842105,0.16666666666666666,0.2
201630129,0.0,0.16666666666666666,0.16666666666666666,0.0,0.16666666666666666,0.16666666666666666,0.16666666666666666,0.0,0.0,0.16666666666666666,0.0,0.0,0.0,0.0,0.16666666666666666,0.0,0.0,0.16666666666666666,0.0,0.16666666666666666,0.16666666666666666,0.0,0.0,0.0,0.16666666666666666,0.16666666666666666,0.16666666666666666,0.16666666666666666,0.16666666666666666,0.16666666666666666,0.16666666666666666,0.0,0.16666666666666666,0.16666666666666666,0.0,0.16666666666666666,0.16666666666666666,0.16666666666666666,0.0,0.0,0.16666666666666666,0.0,0.0,0.3333333333333333,0.0,0.0,0.3333333333333333,0.0,0.3333333333333333,0.0,0.0,0.0,0.0,0.16666666666666666,0.16666666666666666,0.16666666666666666,0.0,0.3333333333333333,0.3333333333333333,0.0,0.0,0.16666666666666666,0.0,0.0,0.2
201631410,0.0,0.16666666666666666,0.16666666666666666,0.0,0.0,0.0,0.0,0.0,0.0,0.0,0.0,0.0,0.0,0.0,0.16666666666666666,0.0,0.0,0.16666666666666666,0.0,0.16666666666666666,0.16666666666666666,0.0,0.0,0.0,0.16666666666666666,0.0,0.16666666666666666,0.16666666666666666,0.16666666666666666,0.16666666666666666,0.0,0.0,0.16666666666666666,0.3333333333333333,0.0,0.16666666666666666,0.16666666666666666,0.0,0.17647058823529413,0.0,0.16666666666666666,0.0,0.0,0.3333333333333333,0.0,0.3333333333333333,0.0,0.0,0.16666666666666666,0.0,0.0,0.0,0.0,0.3333333333333333,0.16666666666666666,0.16666666666666666,0.0,0.5,0.3333333333333333,0.0,0.0,0.0,0.0,0.16666666666666666,0.2
201632440,0.3333333333333333,0.0,0.16666666666666666,0.3157894736842105,0.3333333333333333,0.16666666666666666,0.16666666666666666,0.15789473684210525,0.3157894736842105,0.15789473684210525,0.47368421052631576,0.3333333333333333,0.15789473684210525,0.15789473684210525,0.0,0.3333333333333333,0.3333333333333333,0.3157894736842105,0.6666666666666666,0.0,0.16666666666666666,0.47368421052631576,0.3157894736842105,0.15789473684210525,0.16666666666666666,0.15789473684210525,0.16666666666666666,0.3157894736842105,0.16666666666666666,0.3157894736842105,0.15789473684210525,0.15789473684210525,0.15789473684210525,0.0,0.3333333333333333,0.15789473684210525,0.16666666666666666,0.15789473684210525,0.17647058823529413,0.0,0.0,0.15789473684210525,0.15789473684210525,0.15789473684210525,0.3157894736842105,0.0,0.0,0.0,0.0,0.15789473684210525,0.3333333333333333,0.3333333333333333,0.16666666666666666,0.16666666666666666,0.15789473684210525,0.0,0.16666666666666666,0.0,0.0,0.3157894736842105,0.15789473684210525,0.16666666666666666,0.3157894736842105,0.16666666666666666,0.0
201615292,0.16666666666666666,0.16666666666666666,0.16666666666666666,0.05263157894736842,0.0,0.0,0.16666666666666666,0.0,0.0,0.15789473684210525,0.0,0.0,0.15789473684210525,0.3157894736842105,0.16666666666666666,0.0,0.0,0.15789473684210525,0.0,0.15789473684210525,0.16666666666666666,0.0,0.0,0.15789473684210525,0.0,0.15789473684210525,0.0,0.15789473684210525,0.0,0.0,0.0,0.0,0.15789473684210525,0.16666666666666666,0.0,0.0,0.0,0.0,0.0,0.0,0.16666666666666666,0.0,0.15789473684210525,0.15789473684210525,0.0,0.3333333333333333,0.16666666666666666,0.0,0.0,0.0,0.0,0.16666666666666666,0.0,0.0,0.15789473684210525,0.3157894736842105,0.16666666666666666,0.16666666666666666,0.3333333333333333,0.0,0.0,0.16666666666666666,0.15789473684210525,0.0,0.2
201621184,0.16666666666666666,0.0,0.0,0.15789473684210525,0.16666666666666666,0.16666666666666666,0.16666666666666666,0.15789473684210525,0.3157894736842105,0.15789473684210525,0.3157894736842105,0.3333333333333333,0.15789473684210525,0.15789473684210525,0.0,0.16666666666666666,0.16666666666666666,0.0,0.16666666666666666,0.0,0.16666666666666666,0.15789473684210525,0.15789473684210525,0.3157894736842105,0.3333333333333333,0.15789473684210525,0.3333333333333333,0.0,0.16666666666666666,0.15789473684210525,0.15789473684210525,0.15789473684210525,0.0,0.0,0.16666666666666666,0.15789473684210525,0.16666666666666666,0.15789473684210525,0.35294117647058826,0.0,0.0,0.15789473684210525,0.21052631578947367,0.0,0.15789473684210525,0.0,0.0,0.15789473684210525,0.0,0.0,0.16666666666666666,0.3333333333333333,0.16666666666666666,0.16666666666666666,0.0,0.0,0.3333333333333333,0.0,0.0,0.15789473684210525,0.3157894736842105,0.16666666666666666,0.3157894736842105,0.16666666666666666,0.2
201613249,0.3333333333333333,0.0,0.16666666666666666,0.3333333333333333,0.3333333333333333,0.16666666666666666,0.16666666666666666,0.16666666666666666,0.3333333333333333,0.16666666666666666,0.5,0.16666666666666666,0.16666666666666666,0.16666666666666666,0.0,0.3333333333333333,0.3333333333333333,0.3333333333333333,0.3333333333333333,0.0,0.0,0.5,0.3333333333333333,0.16666666666666666,0.16666666666666666,0.16666666666666666,0.16666666666666666,0.16666666666666666,0.3333333333333333,0.16666666666666666,0.16666666666666666,0.16666666666666666,0.16666666666666666,0.0,0.16666666666666666,0.16666666666666666,0.3333333333333333,0.16666666666666666,0.17647058823529413,0.0,0.16666666666666666,0.16666666666666666,0.5,0.16666666666666666,0.3333333333333333,0.0,0.0,0.3333333333333333,0.0,0.16666666666666666,0.0,0.3333333333333333,0.16666666666666666,0.16666666666666666,0.16666666666666666,0.0,0.16666666666666666,0.0,0.0,0.3333333333333333,0.3333333333333333,0.16666666666666666,0.3333333333333333,0.16666666666666666,0.0
201630402,0.16666666666666666,0.0,0.16666666666666666,0.3333333333333333,0.3333333333333333,0.16666666666666666,0.16666666666666666,0.16666666666666666,0.5,0.16666666666666666,0.5,0.3333333333333333,0.16666666666666666,0.3333333333333333,0.16666666666666666,0.3333333333333333,0.3333333333333333,0.16666666666666666,0.3333333333333333,0.0,0.0,0.3333333333333333,0.3333333333333333,0.16666666666666666,0.16666666666666666,0.16666666666666666,0.16666666666666666,0.16666666666666666,0.3333333333333333,0.16666666666666666,0.16666666666666666,0.16666666666666666,0.16666666666666666,0.0,0.16666666666666666,0.16666666666666666,0.16666666666666666,0.16666666666666666,0.17647058823529413,0.0,0.0,0.16666666666666666,0.16666666666666666,0.0,0.3333333333333333,0.0,0.0,0.3333333333333333,0.16666666666666666,0.3333333333333333,0.3333333333333333,0.0,0.16666666666666666,0.16666666666666666,0.3333333333333333,0.0,0.16666666666666666,0.0,0.0,0.3333333333333333,0.16666666666666666,0.16666666666666666,1.0,0.16666666666666666,0.0
201633228,0.16666666666666666,0.0,0.0,0.16666666666666666,0.3333333333333333,0.3333333333333333,0.16666666666666666,0.16666666666666666,0.16666666666666666,0.16666666666666666,0.16666666666666666,0.16666666666666666,0.16666666666666666,0.16666666666666666,0.0,0.16666666666666666,0.16666666666666666,0.0,0.16666666666666666,0.16666666666666666,0.0,0.16666666666666666,0.16666666666666666,0.16666666666666666,0.3333333333333333,0.16666666666666666,0.16666666666666666,0.0,0.16666666666666666,0.16666666666666666,0.3333333333333333,0.16666666666666666,0.0,0.0,0.3333333333333333,0.16666666666666666,0.16666666666666666,0.3333333333333333,0.17647058823529413,0.0,0.0,0.16666666666666666,0.16666666666666666,0.0,0.16666666666666666,0.0,0.0,0.16666666666666666,0.0,0.16666666666666666,0.16666666666666666,0.16666666666666666,0.0,0.16666666666666666,0.0,0.0,0.16666666666666666,0.0,0.0,0.16666666666666666,0.3333333333333333,0.16666666666666666,0.16666666666666666,0.16666666666666666,0.0
201613007,0.16666666666666666,0.0,0.0,0.16666666666666666,0.16666666666666666,0.16666666666666666,0.16666666666666666,0.16666666666666666,0.16666666666666666,0.16666666666666666,0.16666666666666666,0.16666666666666666,0.16666666666666666,0.16666666666666666,0.0,0.16666666666666666,0.16666666666666666,0.0,0.16666666666666666,0.0,0.0,0.16666666666666666,0.16666666666666666,0.16666666666666666,0.3333333333333333,0.16666666666666666,0.5,0.0,0.3333333333333333,0.3333333333333333,0.16666666666666666,0.16666666666666666,0.0,0.16666666666666666,0.16666666666666666,0.3333333333333333,0.3333333333333333,0.16666666666666666,0.17647058823529413,0.0,0.0,0.16666666666666666,0.16666666666666666,0.16666666666666666,0.3333333333333333,0.16666666666666666,0.3333333333333333,0.16666666666666666,0.0,0.16666666666666666,0.16666666666666666,0.16666666666666666,0.16666666666666666,0.0,0.16666666666666666,0.0,0.16666666666666666,0.3333333333333333,0.16666666666666666,0.16666666666666666,0.16666666666666666,0.16666666666666666,0.16666666666666666,0.3333333333333333,0.0
201631695,0.0,0.16666666666666666,0.3333333333333333,0.15789473684210525,0.16666666666666666,0.0,0.0,0.0,0.3157894736842105,0.0,0.15789473684210525,0.0,0.0,0.0,0.3333333333333333,0.16666666666666666,0.16666666666666666,0.3157894736842105,0.16666666666666666,0.15789473684210525,0.16666666666666666,0.15789473684210525,0.15789473684210525,0.0,0.0,0.0,0.0,0.3157894736842105,0.0,0.0,0.0,0.0,0.3157894736842105,0.16666666666666666,0.0,0.0,0.0,0.0,0.0,0.0,0.3333333333333333,0.0,0.0,0.15789473684210525,0.15789473684210525,0.16666666666666666,0.16666666666666666,0.15789473684210525,0.15789473684210525,0.0,0.16666666666666666,0.3333333333333333,0.0,0.16666666666666666,0.0,0.15789473684210525,0.0,0.16666666666666666,0.16666666666666666,0.15789473684210525,0.0,0.0,0.3157894736842105,0.0,0.2
201631447,0.16666666666666666,0.16666666666666666,0.3333333333333333,0.0,0.0,0.0,0.16666666666666666,0.0,0.0,0.0,0.0,0.0,0.15789473684210525,0.15789473684210525,0.16666666666666666,0.0,0.16666666666666666,0.15789473684210525,0.0,0.15789473684210525,0.16666666666666666,0.0,0.0,0.15789473684210525,0.0,0.15789473684210525,0.0,0.15789473684210525,0.0,0.0,0.15789473684210525,0.0,0.15789473684210525,0.16666666666666666,0.0,0.0,0.0,0.15789473684210525,0.0,0.0,0.16666666666666666,0.0,0.15789473684210525,0.15789473684210525,0.0,0.16666666666666666,0.16666666666666666,0.0,0.3157894736842105,0.0,0.0,0.0,0.0,0.0,0.15789473684210525,0.0,0.16666666666666666,0.16666666666666666,0.16666666666666666,0.0,0.0,0.16666666666666666,0.0,0.0,0.2
201630428,0.3333333333333333,0.0,0.0,0.5,0.16666666666666666,0.16666666666666666,0.3333333333333333,0.16666666666666666,0.16666666666666666,0.16666666666666666,0.16666666666666666,0.16666666666666666,0.3333333333333333,0.3333333333333333,0.0,0.16666666666666666,0.16666666666666666,0.0,0.16666666666666666,0.0,0.0,0.16666666666666666,0.16666666666666666,0.5,0.16666666666666666,0.3333333333333333,0.16666666666666666,0.16666666666666666,0.16666666666666666,0.16666666666666666,0.16666666666666666,0.16666666666666666,0.0,0.0,0.16666666666666666,0.3333333333333333,0.3333333333333333,0.3333333333333333,0.17647058823529413,0.0,0.0,0.16666666666666666,0.3333333333333333,0.0,0.16666666666666666,0.0,0.0,0.16666666666666666,0.16666666666666666,0.3333333333333333,0.16666666666666666,0.16666666666666666,0.16666666666666666,0.16666666666666666,0.0,0.16666666666666666,0.0,0.0,0.0,0.16666666666666666,0.16666666666666666,0.3333333333333333,0.16666666666666666,0.16666666666666666,0.0
201632220,0.0,0.16666666666666666,0.16666666666666666,0.0,0.0,0.0,0.0,0.0,0.0,0.0,0.0,0.0,0.0,0.0,0.16666666666666666,0.0,0.0,0.16666666666666666,0.0,0.16666666666666666,0.16666666666666666,0.0,0.0,0.0,0.16666666666666666,0.0,0.16666666666666666,0.16666666666666666,0.16666666666666666,0.16666666666666666,0.0,0.0,0.16666666666666666,0.3333333333333333,0.0,0.16666666666666666,0.16666666666666666,0.0,0.0,0.0,0.16666666666666666,0.0,0.0,0.3333333333333333,0.0,0.3333333333333333,0.5,0.0,0.16666666666666666,0.0,0.0,0.0,0.0,0.3333333333333333,0.16666666666666666,0.16666666666666666,0.0,0.0,0.3333333333333333,0.0,0.0,0.0,0.0,0.16666666666666666,0.2
201631200,0.0,0.16666666666666666,0.16666666666666666,0.0,0.0,0.0,0.0,0.0,0.0,0.0,0.0,0.0,0.0,0.0,0.16666666666666666,0.0,0.0,0.16666666666666666,0.0,0.16666666666666666,0.16666666666666666,0.0,0.16666666666666666,0.16666666666666666,0.16666666666666666,0.0,0.16666666666666666,0.16666666666666666,0.16666666666666666,0.16666666666666666,0.0,0.16666666666666666,0.16666666666666666,0.16666666666666666,0.0,0.3333333333333333,0.16666666666666666,0.0,0.0,0.0,0.16666666666666666,0.0,0.0,0.3333333333333333,0.16666666666666666,0.3333333333333333,0.3333333333333333,0.0,0.3333333333333333,0.0,0.0,0.0,0.0,0.16666666666666666,0.16666666666666666,0.16666666666666666,0.0,0.3333333333333333,0.0,0.0,0.0,0.0,0.0,0.0,0.4
201631713,0.16666666666666666,0.16666666666666666,0.3333333333333333,0.3,0.5,0.3333333333333333,0.3333333333333333,0.15,0.3157894736842105,0.15789473684210525,0.3,0.16666666666666666,0.15789473684210525,0.15,0.0,0.3333333333333333,0.3333333333333333,0.15789473684210525,0.3333333333333333,0.0,0.0,0.3157894736842105,0.3157894736842105,0.15789473684210525,0.16666666666666666,0.3,0.16666666666666666,0.15,0.16666666666666666,0.15789473684210525,0.3157894736842105,0.15789473684210525,0.15789473684210525,0.0,0.16666666666666666,0.3157894736842105,0.16666666666666666,0.15789473684210525,0.17647058823529413,0.0,0.0,0.15789473684210525,0.15789473684210525,0.0,0.3157894736842105,0.0,0.0,0.3157894736842105,0.0,0.15789473684210525,0.3333333333333333,0.3333333333333333,0.16666666666666666,0.16666666666666666,0.15789473684210525,0.0,0.16666666666666666,0.0,0.0,0.0,0.15789473684210525,0.3333333333333333,0.3,0.16666666666666666,0.0
201632486,0.3333333333333333,0.0,0.0,0.15789473684210525,0.3333333333333333,0.16666666666666666,0.16666666666666666,0.15789473684210525,0.15789473684210525,0.15789473684210525,0.15789473684210525,0.16666666666666666,0.15789473684210525,0.15789473684210525,0.0,0.16666666666666666,0.16666666666666666,0.0,0.16666666666666666,0.0,0.16666666666666666,0.3157894736842105,0.15789473684210525,0.3157894736842105,0.16666666666666666,0.15789473684210525,0.16666666666666666,0.0,0.3333333333333333,0.15789473684210525,0.15789473684210525,0.15789473684210525,0.0,0.0,0.16666666666666666,0.15789473684210525,0.3333333333333333,0.15789473684210525,0.35294117647058826,0.0,0.16666666666666666,0.15789473684210525,0.3157894736842105,0.0,0.15789473684210525,0.0,0.0,0.15789473684210525,0.0,0.3157894736842105,0.3333333333333333,0.16666666666666666,0.3333333333333333,0.16666666666666666,0.0,0.0,0.16666666666666666,0.0,0.0,0.15789473684210525,0.0,0.16666666666666666,0.15789473684210525,0.16666666666666666,0.2
201633002,0.3333333333333333,0.0,0.0,0.16666666666666666,0.3333333333333333,0.5,1.0,0.16666666666666666,0.16666666666666666,0.16666666666666666,0.3333333333333333,0.16666666666666666,0.3333333333333333,0.3333333333333333,0.0,0.16666666666666666,0.16666666666666666,0.0,0.16666666666666666,0.0,0.0,0.16666666666666666,0.16666666666666666,0.3333333333333333,0.16666666666666666,0.6666666666666666,0.16666666666666666,0.16666666666666666,0.16666666666666666,0.16666666666666666,0.5,0.16666666666666666,0.0,0.0,0.16666666666666666,0.3333333333333333,0.16666666666666666,0.3333333333333333,0.17647058823529413,0.0,0.0,0.16666666666666666,0.3333333333333333,0.0,0.16666666666666666,0.16666666666666666,0.0,0.16666666666666666,0.16666666666666666,0.16666666666666666,0.16666666666666666,0.16666666666666666,0.16666666666666666,0.16666666666666666,0.0,0.16666666666666666,0.3333333333333333,0.0,0.0,0.3333333333333333,0.16666666666666666,0.0,0.16666666666666666,0.5,0.0
201630700,0.16666666666666666,0.0,0.16666666666666666,0.3,0.3333333333333333,0.16666666666666666,0.16666666666666666,0.15,0.47368421052631576,0.15789473684210525,0.45,0.3333333333333333,0.15789473684210525,0.3,0.16666666666666666,0.3333333333333333,0.3333333333333333,0.15789473684210525,0.3333333333333333,0.0,0.0,0.3157894736842105,0.3157894736842105,0.15789473684210525,0.16666666666666666,0.15,0.16666666666666666,0.15,0.3333333333333333,0.15789473684210525,0.15789473684210525,0.15789473684210525,0.15789473684210525,0.0,0.16666666666666666,0.15789473684210525,0.16666666666666666,0.15789473684210525,0.17647058823529413,0.0,0.0,0.15789473684210525,0.15789473684210525,0.0,0.3157894736842105,0.0,0.0,0.3157894736842105,0.15789473684210525,0.3157894736842105,0.3333333333333333,1.0,0.16666666666666666,0.16666666666666666,0.3157894736842105,0.0,0.16666666666666666,0.0,0.0,0.3,0.15789473684210525,0.16666666666666666,0.0,0.16666666666666666,0.0
201619437,0.16666666666666666,0.0,0.0,0.16666666666666666,0.16666666666666666,0.16666666666666666,0.5,0.16666666666666666,0.16666666666666666,0.3333333333333333,0.3333333333333333,0.16666666666666666,0.16666666666666666,0.16666666666666666,0.0,0.16666666666666666,0.16666666666666666,0.0,0.16666666666666666,0.0,0.0,0.16666666666666666,0.16666666666666666,0.16666666666666666,0.16666666666666666,0.16666666666666666,0.16666666666666666,0.16666666666666666,0.16666666666666666,0.3333333333333333,0.16666666666666666,0.16666666666666666,0.0,0.3333333333333333,0.16666666666666666,0.16666666666666666,0.16666666666666666,0.16666666666666666,0.17647058823529413,0.0,0.0,0.3333333333333333,0.16666666666666666,0.0,0.16666666666666666,0.0,0.16666666666666666,0.16666666666666666,0.0,0.16666666666666666,0.16666666666666666,0.16666666666666666,0.16666666666666666,0.3333333333333333,0.0,0.0,0.16666666666666666,0.16666666666666666,0.0,0.16666666666666666,0.16666666666666666,0.5,0.16666666666666666,0.0,0.0
201630974,0.0,0.2,0.4,0.0,0.0,0.0,0.0,0.0,0.0,0.0,0.0,0.0,0.0,0.0,0.2,0.0,0.0,0.2,0.0,0.2,0.4,0.0,0.2,0.0,0.0,0.0,0.0,0.2,0.0,0.0,0.0,0.4,0.2,0.2,0.0,0.2,0.0,0.0,0.2,0.0,0.2,0.0,0.0,0.2,0.2,0.2,0.2,0.0,0.2,0.2,0.0,0.0,0.0,0.0,0.2,0.2,0.0,0.2,0.4,0.0,0.2,0.0,0.0,0.0,0.0
