,201729792,201729800,201615627,201730581,201731349,201712152,201730843,201729052,201714214,201730086,201729320,201731369,201730602,201729584,201724467,201728821,201716791,201630013,201712965,201729093,201730120,201730377,201714506,201729354,201631311,201730128,201730393,201729372,201729629,201728356,201715557,201713769,201729899,201728877,201729144,201729658,201730173,201729151,201730953,201730699,201730959,201729426,201614739,201730964,201730463,201729187,201728933,201729701,201730996,201633205,201730489,201731515,201731771,201729216,201714113,201729231,201729744,201730000,201728211,201731030,201730007,201729753,201730524,201730014,201728738,201632227,201731811,201729765,201731559,201712877,201716206,201729518,201730029,201720561,201711858,201729277
201729792,0.0,0.3333333333333333,0.16666666666666666,0.16666666666666666,0.0,0.16666666666666666,0.3333333333333333,0.16666666666666666,0.3333333333333333,0.5,0.16666666666666666,0.3333333333333333,0.3333333333333333,0.0,0.6666666666666666,0.3333333333333333,0.16666666666666666,0.6,0.5,0.3333333333333333,0.3333333333333333,0.16666666666666666,0.3333333333333333,0.3333333333333333,0.16666666666666666,0.5,0.5,0.5,0.3333333333333333,0.16666666666666666,0.3333333333333333,0.3333333333333333,0.3333333333333333,0.5,0.3333333333333333,0.3333333333333333,0.3333333333333333,0.3333333333333333,0.3333333333333333,0.5,0.6666666666666666,0.3333333333333333,0.5,0.5,0.16666666666666666,0.3333333333333333,0.0,0.16666666666666666,0.3333333333333333,0.16666666666666666,0.3333333333333333,0.3333333333333333,0.3333333333333333,0.16666666666666666,0.3333333333333333,0.3333333333333333,0.5,0.3333333333333333,0.3333333333333333,0.16666666666666666,0.6666666666666666,0.16666666666666666,0.3333333333333333,0.5,0.3333333333333333,0.0,0.3333333333333333,0.3333333333333333,0.16666666666666666,0.5,0.5,0.3333333333333333,0.3333333333333333,0.0,0.3333333333333333,0.3333333333333333
201729800,0.3333333333333333,0.0,0.16666666666666666,0.16666666666666666,0.16666666666666666,0.3333333333333333,0.16666666666666666,0.3333333333333333,0.0,0.16666666666666666,0.16666666666666666,0.3333333333333333,0.5,0.16666666666666666,0.3333333333333333,0.3333333333333333,0.3333333333333333,0.6,0.16666666666666666,0.3333333333333333,0.3333333333333333,0.3333333333333333,0.6666666666666666,0.3333333333333333,0.0,0.6666666666666666,0.5,0.16666666666666666,0.3333333333333333,0.0,0.5,0.16666666666666666,0.0,0.5,0.3333333333333333,0.3333333333333333,0.16666666666666666,0.0,0.5,0.3333333333333333,0.3333333333333333,0.6666666666666666,0.3333333333333333,0.16666666666666666,0.3333333333333333,0.16666666666666666,0.16666666666666666,0.3333333333333333,0.3333333333333333,0.16666666666666666,0.3333333333333333,0.3333333333333333,0.16666666666666666,0.0,0.16666666666666666,0.16666666666666666,0.16666666666666666,0.16666666666666666,0.3333333333333333,0.16666666666666666,0.5,0.0,0.3333333333333333,0.16666666666666666,0.3333333333333333,0.16666666666666666,0.5,0.16666666666666666,0.16666666666666666,0.5,0.6666666666666666,0.5,0.5,0.0,0.3333333333333333,0.3333333333333333
201615627,0.16666666666666666,0.16666666666666666,0.0,0.15789473684210525,0.15789473684210525,0.15,0.3333333333333333,0.3333333333333333,0.0,0.16666666666666666,0.0,0.16666666666666666,0.16666666666666666,0.0,0.15789473684210525,0.16666666666666666,0.3333333333333333,0.2,0.16666666666666666,0.16666666666666666,0.3333333333333333,0.3157894736842105,0.15789473684210525,0.16666666666666666,0.0,0.15,0.16666666666666666,0.16666666666666666,0.3333333333333333,0.0,0.15789473684210525,0.0,0.0,0.16666666666666666,0.16666666666666666,0.16666666666666666,0.0,0.0,0.16666666666666666,0.16666666666666666,0.16666666666666666,0.15,0.15,0.16666666666666666,0.0,0.16666666666666666,0.16666666666666666,0.3333333333333333,0.15789473684210525,0.0,0.15,0.3157894736842105,0.16666666666666666,0.0,0.3333333333333333,0.15789473684210525,0.16666666666666666,0.0,0.15789473684210525,0.15789473684210525,0.3333333333333333,0.0,0.3157894736842105,0.0,0.16666666666666666,0.0,0.16666666666666666,0.16666666666666666,0.0,0.15,0.15,0.16666666666666666,0.16666666666666666,0.0,0.15789473684210525,0.15789473684210525
201730581,0.16666666666666666,0.16666666666666666,0.15789473684210525,0.0,0.15789473684210525,0.631578947368421,0.3333333333333333,0.16666666666666666,0.15789473684210525,0.3333333333333333,0.3333333333333333,0.3333333333333333,0.16666666666666666,0.3157894736842105,0.15789473684210525,0.3333333333333333,0.16666666666666666,0.4,0.3333333333333333,0.3333333333333333,0.16666666666666666,0.15789473684210525,0.15789473684210525,0.3333333333333333,0.3333333333333333,0.15789473684210525,0.3333333333333333,0.3333333333333333,0.16666666666666666,0.3333333333333333,0.15789473684210525,0.15789473684210525,0.15789473684210525,0.16666666666666666,0.3333333333333333,0.3333333333333333,0.0,0.15789473684210525,0.16666666666666666,0.16666666666666666,0.16666666666666666,0.3157894736842105,0.15789473684210525,0.3333333333333333,0.3157894736842105,0.6666666666666666,0.16666666666666666,0.16666666666666666,0.47368421052631576,0.16666666666666666,0.3157894736842105,0.15789473684210525,0.5,0.3333333333333333,0.16666666666666666,0.3157894736842105,0.3333333333333333,0.16666666666666666,0.3157894736842105,0.0,0.16666666666666666,0.3333333333333333,0.15789473684210525,0.0,0.3333333333333333,0.3333333333333333,0.16666666666666666,0.5,0.16666666666666666,0.3157894736842105,0.15789473684210525,0.16666666666666666,0.5,0.0,0.3157894736842105,0.47368421052631576
201731349,0.0,0.16666666666666666,0.15789473684210525,0.15789473684210525,0.0,0.3157894736842105,0.3333333333333333,0.16666666666666666,0.21052631578947367,0.0,0.3333333333333333,0.16666666666666666,0.0,0.15789473684210525,0.0,0.16666666666666666,0.16666666666666666,0.2,0.0,0.0,0.16666666666666666,0.15789473684210525,0.15789473684210525,0.0,0.16666666666666666,0.15789473684210525,0.16666666666666666,0.0,0.16666666666666666,0.3333333333333333,0.0,0.3157894736842105,0.15789473684210525,0.16666666666666666,0.16666666666666666,0.0,0.15789473684210525,0.15789473684210525,0.0,0.0,0.0,0.3157894736842105,0.0,0.0,0.47368421052631576,0.0,0.3333333333333333,0.16666666666666666,0.15789473684210525,0.3333333333333333,0.0,0.15789473684210525,0.0,0.16666666666666666,0.16666666666666666,0.0,0.0,0.3333333333333333,0.0,0.3157894736842105,0.0,0.16666666666666666,0.15789473684210525,0.15789473684210525,0.16666666666666666,0.0,0.0,0.16666666666666666,0.16666666666666666,0.15789473684210525,0.15789473684210525,0.0,0.3333333333333333,0.0,0.0,0.15789473684210525
201712152,0.16666666666666666,0.3333333333333333,0.15,0.631578947368421,0.3157894736842105,0.0,0.3333333333333333,0.3333333333333333,0.15789473684210525,0.5,0.16666666666666666,0.5,0.16666666666666666,0.15789473684210525,0.15789473684210525,0.3333333333333333,0.16666666666666666,0.4,0.3333333333333333,0.3333333333333333,0.3333333333333333,0.15789473684210525,0.3157894736842105,0.3333333333333333,0.16666666666666666,0.3,0.3333333333333333,0.3333333333333333,0.16666666666666666,0.3333333333333333,0.15789473684210525,0.15789473684210525,0.15,0.3333333333333333,0.6666666666666666,0.5,0.0,0.15789473684210525,0.16666666666666666,0.16666666666666666,0.16666666666666666,0.45,0.15,0.3333333333333333,0.47368421052631576,0.5,0.0,0.16666666666666666,0.631578947368421,0.3333333333333333,0.3,0.15789473684210525,0.3333333333333333,0.16666666666666666,0.16666666666666666,0.3157894736842105,0.3333333333333333,0.16666666666666666,0.3157894736842105,0.0,0.16666666666666666,0.16666666666666666,0.15789473684210525,0.0,0.3333333333333333,0.5,0.16666666666666666,0.5,0.16666666666666666,0.3,0.3,0.16666666666666666,0.5,0.0,0.3157894736842105,0.3157894736842105
201730843,0.3333333333333333,0.16666666666666666,0.3333333333333333,0.3333333333333333,0.3333333333333333,0.3333333333333333,0.0,0.3333333333333333,0.16666666666666666,0.3333333333333333,0.16666666666666666,0.16666666666666666,0.16666666666666666,0.0,0.16666666666666666,0.3333333333333333,0.3333333333333333,0.6,0.3333333333333333,0.3333333333333333,0.5,0.3333333333333333,0.16666666666666666,0.3333333333333333,0.0,0.16666666666666666,0.5,0.3333333333333333,0.5,0.3333333333333333,0.16666666666666666,0.3333333333333333,0.16666666666666666,0.16666666666666666,0.16666666666666666,0.3333333333333333,0.0,0.16666666666666666,0.16666666666666666,0.16666666666666666,0.3333333333333333,0.3333333333333333,0.16666666666666666,0.3333333333333333,0.16666666666666666,0.16666666666666666,0.16666666666666666,0.3333333333333333,0.16666666666666666,0.0,0.3333333333333333,0.5,0.16666666666666666,0.0,0.5,0.16666666666666666,0.3333333333333333,0.3333333333333333,0.3333333333333333,0.3333333333333333,0.3333333333333333,0.0,0.5,0.16666666666666666,0.3333333333333333,0.0,0.16666666666666666,0.6666666666666666,0.16666666666666666,0.5,0.16666666666666666,0.16666666666666666,0.3333333333333333,0.0,0.3333333333333333,0.3333333333333333
201729052,0.16666666666666666,0.3333333333333333,0.3333333333333333,0.16666666666666666,0.16666666666666666,0.3333333333333333,0.3333333333333333,0.0,0.0,0.3333333333333333,0.0,0.16666666666666666,0.5,0.16666666666666666,0.16666666666666666,0.16666666666666666,0.5,0.2,0.16666666666666666,0.3333333333333333,0.6666666666666666,0.5,0.3333333333333333,0.3333333333333333,0.0,0.16666666666666666,0.16666666666666666,0.16666666666666666,0.5,0.0,0.5,0.0,0.0,0.16666666666666666,0.3333333333333333,0.5,0.0,0.0,0.5,0.3333333333333333,0.16666666666666666,0.16666666666666666,0.16666666666666666,0.16666666666666666,0.0,0.16666666666666666,0.3333333333333333,0.6666666666666666,0.16666666666666666,0.0,0.3333333333333333,0.5,0.16666666666666666,0.0,0.3333333333333333,0.16666666666666666,0.16666666666666666,0.0,0.3333333333333333,0.3333333333333333,0.16666666666666666,0.0,0.5,0.0,0.16666666666666666,0.5,0.5,0.16666666666666666,0.16666666666666666,0.16666666666666666,0.16666666666666666,0.3333333333333333,0.16666666666666666,0.0,0.3333333333333333,0.16666666666666666
201714214,0.3333333333333333,0.0,0.0,0.15789473684210525,0.21052631578947367,0.15789473684210525,0.16666666666666666,0.0,0.0,0.5,0.16666666666666666,0.3333333333333333,0.0,0.3157894736842105,0.15789473684210525,0.0,0.0,0.2,0.5,0.3333333333333333,0.16666666666666666,0.0,0.0,0.3333333333333333,0.5,0.15789473684210525,0.16666666666666666,0.5,0.16666666666666666,0.5,0.0,0.3157894736842105,0.631578947368421,0.16666666666666666,0.3333333333333333,0.3333333333333333,0.3157894736842105,0.631578947368421,0.0,0.16666666666666666,0.3333333333333333,0.0,0.15789473684210525,0.5,0.15789473684210525,0.3333333333333333,0.16666666666666666,0.0,0.3157894736842105,0.6666666666666666,0.47368421052631576,0.15789473684210525,0.3333333333333333,0.5,0.16666666666666666,0.3157894736842105,0.5,0.5,0.3157894736842105,0.3157894736842105,0.3333333333333333,0.5,0.15789473684210525,0.631578947368421,0.0,0.16666666666666666,0.0,0.3333333333333333,0.5,0.15789473684210525,0.15789473684210525,0.0,0.0,0.0,0.3157894736842105,0.0
201730086,0.5,0.16666666666666666,0.16666666666666666,0.3333333333333333,0.0,0.5,0.3333333333333333,0.3333333333333333,0.5,0.0,0.0,0.6666666666666666,0.16666666666666666,0.16666666666666666,0.3333333333333333,0.16666666666666666,0.16666666666666666,0.4,0.6666666666666666,0.5,0.5,0.16666666666666666,0.16666666666666666,0.6666666666666666,0.3333333333333333,0.3333333333333333,0.3333333333333333,0.6666666666666666,0.3333333333333333,0.3333333333333333,0.16666666666666666,0.16666666666666666,0.5,0.3333333333333333,0.6666666666666666,0.6666666666666666,0.16666666666666666,0.5,0.16666666666666666,0.3333333333333333,0.5,0.16666666666666666,0.3333333333333333,0.6666666666666666,0.0,0.5,0.0,0.16666666666666666,0.5,0.3333333333333333,0.5,0.3333333333333333,0.5,0.3333333333333333,0.3333333333333333,0.5,0.6666666666666666,0.3333333333333333,0.5,0.16666666666666666,0.5,0.3333333333333333,0.3333333333333333,0.3333333333333333,0.16666666666666666,0.3333333333333333,0.16666666666666666,0.5,0.3333333333333333,0.3333333333333333,0.3333333333333333,0.16666666666666666,0.16666666666666666,0.0,0.5,0.16666666666666666
201729320,0.16666666666666666,0.16666666666666666,0.0,0.3333333333333333,0.3333333333333333,0.16666666666666666,0.16666666666666666,0.0,0.16666666666666666,0.0,0.0,0.0,0.16666666666666666,0.3333333333333333,0.16666666666666666,0.3333333333333333,0.0,0.4,0.0,0.0,0.0,0.0,0.3333333333333333,0.0,0.3333333333333333,0.16666666666666666,0.3333333333333333,0.0,0.0,0.3333333333333333,0.3333333333333333,0.5,0.3333333333333333,0.16666666666666666,0.0,0.0,0.3333333333333333,0.3333333333333333,0.16666666666666666,0.16666666666666666,0.16666666666666666,0.3333333333333333,0.16666666666666666,0.0,0.5,0.16666666666666666,0.5,0.0,0.0,0.16666666666666666,0.0,0.0,0.16666666666666666,0.3333333333333333,0.0,0.0,0.0,0.5,0.0,0.16666666666666666,0.16666666666666666,0.5,0.0,0.3333333333333333,0.5,0.0,0.16666666666666666,0.16666666666666666,0.16666666666666666,0.3333333333333333,0.16666666666666666,0.16666666666666666,0.3333333333333333,0.0,0.0,0.6666666666666666
201731369,0.3333333333333333,0.3333333333333333,0.16666666666666666,0.3333333333333333,0.16666666666666666,0.5,0.16666666666666666,0.16666666666666666,0.3333333333333333,0.6666666666666666,0.0,0.0,0.16666666666666666,0.3333333333333333,0.3333333333333333,0.16666666666666666,0.16666666666666666,0.2,0.5,0.5,0.16666666666666666,0.16666666666666666,0.3333333333333333,0.5,0.3333333333333333,0.5,0.16666666666666666,0.5,0.16666666666666666,0.16666666666666666,0.16666666666666666,0.0,0.5,0.5,0.6666666666666666,0.3333333333333333,0.16666666666666666,0.3333333333333333,0.16666666666666666,0.5,0.3333333333333333,0.3333333333333333,0.3333333333333333,0.5,0.16666666666666666,0.5,0.16666666666666666,0.16666666666666666,0.6666666666666666,0.5,0.3333333333333333,0.16666666666666666,0.6666666666666666,0.3333333333333333,0.16666666666666666,0.5,0.5,0.16666666666666666,0.3333333333333333,0.0,0.3333333333333333,0.5,0.16666666666666666,0.16666666666666666,0.16666666666666666,0.16666666666666666,0.16666666666666666,0.3333333333333333,0.16666666666666666,0.16666666666666666,0.5,0.16666666666666666,0.3333333333333333,0.0,0.3333333333333333,0.16666666666666666
201730602,0.3333333333333333,0.5,0.16666666666666666,0.16666666666666666,0.0,0.16666666666666666,0.16666666666666666,0.5,0.0,0.16666666666666666,0.16666666666666666,0.16666666666666666,0.0,0.16666666666666666,0.3333333333333333,0.3333333333333333,0.3333333333333333,0.4,0.16666666666666666,0.3333333333333333,0.3333333333333333,0.3333333333333333,0.5,0.3333333333333333,0.0,0.3333333333333333,0.3333333333333333,0.16666666666666666,0.3333333333333333,0.0,0.6666666666666666,0.3333333333333333,0.0,0.5,0.16666666666666666,0.3333333333333333,0.3333333333333333,0.0,0.8333333333333334,0.5,0.3333333333333333,0.3333333333333333,0.3333333333333333,0.16666666666666666,0.16666666666666666,0.16666666666666666,0.16666666666666666,0.5,0.16666666666666666,0.0,0.3333333333333333,0.3333333333333333,0.16666666666666666,0.0,0.16666666666666666,0.16666666666666666,0.16666666666666666,0.16666666666666666,0.3333333333333333,0.16666666666666666,0.3333333333333333,0.0,0.3333333333333333,0.16666666666666666,0.3333333333333333,0.3333333333333333,0.8333333333333334,0.16666666666666666,0.16666666666666666,0.3333333333333333,0.3333333333333333,0.5,0.3333333333333333,0.0,0.3333333333333333,0.3333333333333333
201729584,0.0,0.16666666666666666,0.0,0.3157894736842105,0.15789473684210525,0.15789473684210525,0.0,0.16666666666666666,0.3157894736842105,0.16666666666666666,0.3333333333333333,0.3333333333333333,0.16666666666666666,0.0,0.0,0.0,0.16666666666666666,0.0,0.16666666666666666,0.5,0.16666666666666666,0.15789473684210525,0.15789473684210525,0.3333333333333333,0.5,0.0,0.0,0.16666666666666666,0.16666666666666666,0.3333333333333333,0.15789473684210525,0.15789473684210525,0.47368421052631576,0.0,0.16666666666666666,0.3333333333333333,0.15789473684210525,0.3157894736842105,0.16666666666666666,0.16666666666666666,0.0,0.0,0.0,0.16666666666666666,0.15789473684210525,0.3333333333333333,0.6666666666666666,0.16666666666666666,0.15789473684210525,0.3333333333333333,0.3157894736842105,0.15789473684210525,0.5,0.5,0.0,0.15789473684210525,0.16666666666666666,0.16666666666666666,0.3157894736842105,0.3157894736842105,0.0,0.6666666666666666,0.15789473684210525,0.15789473684210525,0.0,0.3333333333333333,0.16666666666666666,0.16666666666666666,0.5,0.0,0.0,0.3333333333333333,0.0,0.0,0.3157894736842105,0.15789473684210525
201724467,0.6666666666666666,0.3333333333333333,0.15789473684210525,0.15789473684210525,0.0,0.15789473684210525,0.16666666666666666,0.16666666666666666,0.15789473684210525,0.3333333333333333,0.16666666666666666,0.3333333333333333,0.3333333333333333,0.0,0.0,0.5,0.3333333333333333,0.4,0.3333333333333333,0.16666666666666666,0.16666666666666666,0.3157894736842105,0.3157894736842105,0.16666666666666666,0.16666666666666666,0.47368421052631576,0.3333333333333333,0.3333333333333333,0.16666666666666666,0.0,0.3157894736842105,0.15789473684210525,0.15789473684210525,0.5,0.3333333333333333,0.16666666666666666,0.47368421052631576,0.15789473684210525,0.3333333333333333,0.5,0.5,0.3157894736842105,0.631578947368421,0.3333333333333333,0.15789473684210525,0.3333333333333333,0.0,0.16666666666666666,0.3157894736842105,0.16666666666666666,0.15789473684210525,0.15789473684210525,0.3333333333333333,0.16666666666666666,0.16666666666666666,0.47368421052631576,0.3333333333333333,0.16666666666666666,0.15789473684210525,0.0,0.5,0.16666666666666666,0.15789473684210525,0.3157894736842105,0.5,0.0,0.3333333333333333,0.16666666666666666,0.0,0.3157894736842105,0.47368421052631576,0.5,0.3333333333333333,0.15789473684210525,0.15789473684210525,0.3157894736842105
201728821,0.3333333333333333,0.3333333333333333,0.16666666666666666,0.3333333333333333,0.16666666666666666,0.3333333333333333,0.3333333333333333,0.16666666666666666,0.0,0.16666666666666666,0.3333333333333333,0.16666666666666666,0.3333333333333333,0.0,0.5,0.0,0.3333333333333333,0.6,0.16666666666666666,0.16666666666666666,0.16666666666666666,0.3333333333333333,0.3333333333333333,0.16666666666666666,0.0,0.3333333333333333,0.5,0.16666666666666666,0.16666666666666666,0.16666666666666666,0.3333333333333333,0.3333333333333333,0.0,0.3333333333333333,0.16666666666666666,0.16666666666666666,0.3333333333333333,0.0,0.3333333333333333,0.3333333333333333,0.3333333333333333,0.5,0.5,0.16666666666666666,0.3333333333333333,0.16666666666666666,0.0,0.16666666666666666,0.16666666666666666,0.0,0.16666666666666666,0.16666666666666666,0.16666666666666666,0.0,0.16666666666666666,0.3333333333333333,0.16666666666666666,0.3333333333333333,0.16666666666666666,0.0,0.3333333333333333,0.0,0.16666666666666666,0.16666666666666666,0.6666666666666666,0.0,0.3333333333333333,0.3333333333333333,0.0,0.5,0.3333333333333333,0.5,0.5,0.16666666666666666,0.16666666666666666,0.5
201716791,0.16666666666666666,0.3333333333333333,0.3333333333333333,0.16666666666666666,0.16666666666666666,0.16666666666666666,0.3333333333333333,0.5,0.0,0.16666666666666666,0.0,0.16666666666666666,0.3333333333333333,0.16666666666666666,0.3333333333333333,0.3333333333333333,0.0,0.2,0.3333333333333333,0.3333333333333333,0.5,0.6666666666666666,0.3333333333333333,0.3333333333333333,0.0,0.16666666666666666,0.16666666666666666,0.16666666666666666,0.5,0.0,0.3333333333333333,0.0,0.0,0.16666666666666666,0.16666666666666666,0.3333333333333333,0.16666666666666666,0.0,0.3333333333333333,0.16666666666666666,0.16666666666666666,0.16666666666666666,0.5,0.16666666666666666,0.0,0.16666666666666666,0.3333333333333333,0.5,0.16666666666666666,0.0,0.5,0.5,0.16666666666666666,0.0,0.5,0.3333333333333333,0.16666666666666666,0.0,0.5,0.3333333333333333,0.16666666666666666,0.0,0.5,0.0,0.3333333333333333,0.16666666666666666,0.3333333333333333,0.16666666666666666,0.16666666666666666,0.16666666666666666,0.16666666666666666,0.5,0.16666666666666666,0.16666666666666666,0.3333333333333333,0.16666666666666666
201630013,0.6,0.6,0.2,0.4,0.2,0.4,0.6,0.2,0.2,0.4,0.4,0.2,0.4,0.0,0.4,0.6,0.2,0.0,0.4,0.4,0.4,0.2,0.4,0.4,0.0,0.6,1.0,0.4,0.4,0.4,0.4,0.6,0.2,0.4,0.2,0.4,0.2,0.2,0.4,0.4,0.6,0.8,0.4,0.4,0.4,0.2,0.0,0.2,0.2,0.0,0.4,0.4,0.2,0.0,0.4,0.2,0.4,0.6,0.4,0.2,0.8,0.0,0.4,0.4,0.6,0.0,0.4,0.6,0.2,1.0,0.6,0.4,0.6,0.0,0.4,0.6
201712965,0.5,0.16666666666666666,0.16666666666666666,0.3333333333333333,0.0,0.3333333333333333,0.3333333333333333,0.16666666666666666,0.5,0.6666666666666666,0.0,0.5,0.16666666666666666,0.16666666666666666,0.3333333333333333,0.16666666666666666,0.3333333333333333,0.4,0.0,0.5,0.5,0.16666666666666666,0.16666666666666666,0.5,0.3333333333333333,0.3333333333333333,0.3333333333333333,0.6666666666666666,0.3333333333333333,0.3333333333333333,0.16666666666666666,0.16666666666666666,0.5,0.3333333333333333,0.5,0.5,0.16666666666666666,0.5,0.16666666666666666,0.3333333333333333,0.5,0.16666666666666666,0.5,0.6666666666666666,0.0,0.5,0.0,0.16666666666666666,0.5,0.3333333333333333,0.6666666666666666,0.3333333333333333,0.5,0.3333333333333333,0.5,0.5,0.6666666666666666,0.16666666666666666,0.6666666666666666,0.16666666666666666,0.5,0.3333333333333333,0.5,0.3333333333333333,0.16666666666666666,0.16666666666666666,0.16666666666666666,0.5,0.3333333333333333,0.3333333333333333,0.3333333333333333,0.16666666666666666,0.16666666666666666,0.0,0.5,0.16666666666666666
201729093,0.3333333333333333,0.3333333333333333,0.16666666666666666,0.3333333333333333,0.0,0.3333333333333333,0.3333333333333333,0.3333333333333333,0.3333333333333333,0.5,0.0,0.5,0.3333333333333333,0.5,0.16666666666666666,0.16666666666666666,0.3333333333333333,0.4,0.5,0.0,0.5,0.3333333333333333,0.3333333333333333,0.6666666666666666,0.16666666666666666,0.16666666666666666,0.3333333333333333,0.5,0.5,0.3333333333333333,0.5,0.16666666666666666,0.5,0.16666666666666666,0.3333333333333333,0.6666666666666666,0.0,0.3333333333333333,0.3333333333333333,0.5,0.3333333333333333,0.16666666666666666,0.16666666666666666,0.5,0.0,0.3333333333333333,0.3333333333333333,0.3333333333333333,0.3333333333333333,0.3333333333333333,0.6666666666666666,0.6666666666666666,0.5,0.16666666666666666,0.3333333333333333,0.3333333333333333,0.5,0.16666666666666666,0.6666666666666666,0.3333333333333333,0.3333333333333333,0.3333333333333333,0.5,0.16666666666666666,0.16666666666666666,0.3333333333333333,0.5,0.5,0.5,0.3333333333333333,0.16666666666666666,0.3333333333333333,0.16666666666666666,0.0,0.6666666666666666,0.16666666666666666
201730120,0.3333333333333333,0.3333333333333333,0.3333333333333333,0.16666666666666666,0.16666666666666666,0.3333333333333333,0.5,0.6666666666666666,0.16666666666666666,0.5,0.0,0.16666666666666666,0.3333333333333333,0.16666666666666666,0.16666666666666666,0.16666666666666666,0.5,0.4,0.5,0.5,0.0,0.5,0.3333333333333333,0.5,0.0,0.16666666666666666,0.3333333333333333,0.3333333333333333,0.6666666666666666,0.16666666666666666,0.3333333333333333,0.16666666666666666,0.16666666666666666,0.16666666666666666,0.3333333333333333,0.6666666666666666,0.0,0.16666666666666666,0.3333333333333333,0.16666666666666666,0.3333333333333333,0.16666666666666666,0.16666666666666666,0.3333333333333333,0.0,0.16666666666666666,0.3333333333333333,0.5,0.16666666666666666,0.0,0.5,0.6666666666666666,0.16666666666666666,0.0,0.5,0.16666666666666666,0.3333333333333333,0.16666666666666666,0.5,0.5,0.3333333333333333,0.0,0.8333333333333334,0.16666666666666666,0.16666666666666666,0.3333333333333333,0.3333333333333333,0.3333333333333333,0.3333333333333333,0.3333333333333333,0.16666666666666666,0.3333333333333333,0.16666666666666666,0.0,0.5,0.16666666666666666
201730377,0.16666666666666666,0.3333333333333333,0.3157894736842105,0.15789473684210525,0.15789473684210525,0.15789473684210525,0.3333333333333333,0.5,0.0,0.16666666666666666,0.0,0.16666666666666666,0.3333333333333333,0.15789473684210525,0.3157894736842105,0.3333333333333333,0.6666666666666666,0.2,0.16666666666666666,0.3333333333333333,0.5,0.0,0.3157894736842105,0.3333333333333333,0.0,0.15789473684210525,0.16666666666666666,0.16666666666666666,0.5,0.0,0.3157894736842105,0.0,0.0,0.16666666666666666,0.16666666666666666,0.3333333333333333,0.15789473684210525,0.0,0.3333333333333333,0.16666666666666666,0.16666666666666666,0.15789473684210525,0.3157894736842105,0.16666666666666666,0.0,0.16666666666666666,0.3333333333333333,0.5,0.15789473684210525,0.0,0.3157894736842105,0.47368421052631576,0.16666666666666666,0.0,0.3333333333333333,0.3684210526315789,0.16666666666666666,0.0,0.3157894736842105,0.3157894736842105,0.16666666666666666,0.0,0.47368421052631576,0.0,0.3333333333333333,0.16666666666666666,0.3333333333333333,0.16666666666666666,0.16666666666666666,0.15789473684210525,0.15789473684210525,0.5,0.16666666666666666,0.15789473684210525,0.3157894736842105,0.15789473684210525
201714506,0.3333333333333333,0.6666666666666666,0.15789473684210525,0.15789473684210525,0.15789473684210525,0.3157894736842105,0.16666666666666666,0.3333333333333333,0.0,0.16666666666666666,0.3333333333333333,0.3333333333333333,0.5,0.15789473684210525,0.3157894736842105,0.3333333333333333,0.3333333333333333,0.4,0.16666666666666666,0.3333333333333333,0.3333333333333333,0.3157894736842105,0.0,0.3333333333333333,0.0,0.47368421052631576,0.3333333333333333,0.16666666666666666,0.3333333333333333,0.0,0.631578947368421,0.15789473684210525,0.0,0.5,0.3333333333333333,0.3333333333333333,0.15789473684210525,0.0,0.5,0.3333333333333333,0.3333333333333333,0.47368421052631576,0.3157894736842105,0.16666666666666666,0.3157894736842105,0.16666666666666666,0.16666666666666666,0.3333333333333333,0.3157894736842105,0.16666666666666666,0.3157894736842105,0.3157894736842105,0.16666666666666666,0.0,0.16666666666666666,0.15789473684210525,0.16666666666666666,0.16666666666666666,0.3157894736842105,0.15789473684210525,0.3333333333333333,0.0,0.3157894736842105,0.15789473684210525,0.5,0.16666666666666666,0.5,0.16666666666666666,0.16666666666666666,0.3157894736842105,0.47368421052631576,0.5,0.5,0.0,0.3157894736842105,0.47368421052631576
201729354,0.3333333333333333,0.3333333333333333,0.16666666666666666,0.3333333333333333,0.0,0.3333333333333333,0.3333333333333333,0.3333333333333333,0.3333333333333333,0.6666666666666666,0.0,0.5,0.3333333333333333,0.3333333333333333,0.16666666666666666,0.16666666666666666,0.3333333333333333,0.4,0.5,0.6666666666666666,0.5,0.3333333333333333,0.3333333333333333,0.0,0.16666666666666666,0.16666666666666666,0.3333333333333333,0.5,0.6666666666666666,0.3333333333333333,0.3333333333333333,0.16666666666666666,0.3333333333333333,0.16666666666666666,0.3333333333333333,0.6666666666666666,0.0,0.3333333333333333,0.3333333333333333,0.16666666666666666,0.3333333333333333,0.16666666666666666,0.16666666666666666,0.5,0.0,0.3333333333333333,0.16666666666666666,0.5,0.3333333333333333,0.16666666666666666,0.6666666666666666,0.5,0.3333333333333333,0.16666666666666666,0.3333333333333333,0.3333333333333333,0.5,0.3333333333333333,0.6666666666666666,0.3333333333333333,0.3333333333333333,0.16666666666666666,0.5,0.16666666666666666,0.16666666666666666,0.3333333333333333,0.3333333333333333,0.5,0.5,0.3333333333333333,0.16666666666666666,0.3333333333333333,0.16666666666666666,0.0,0.6666666666666666,0.16666666666666666
201631311,0.16666666666666666,0.0,0.0,0.3333333333333333,0.16666666666666666,0.16666666666666666,0.0,0.0,0.5,0.3333333333333333,0.3333333333333333,0.3333333333333333,0.0,0.5,0.16666666666666666,0.0,0.0,0.0,0.3333333333333333,0.16666666666666666,0.0,0.0,0.0,0.16666666666666666,0.0,0.16666666666666666,0.0,0.3333333333333333,0.0,0.3333333333333333,0.0,0.16666666666666666,0.5,0.16666666666666666,0.3333333333333333,0.16666666666666666,0.3333333333333333,0.5,0.0,0.16666666666666666,0.16666666666666666,0.0,0.16666666666666666,0.3333333333333333,0.16666666666666666,0.5,0.3333333333333333,0.0,0.3333333333333333,0.5,0.16666666666666666,0.0,0.5,0.6666666666666666,0.0,0.3333333333333333,0.3333333333333333,0.16666666666666666,0.16666666666666666,0.16666666666666666,0.16666666666666666,0.6666666666666666,0.0,0.3333333333333333,0.0,0.16666666666666666,0.0,0.16666666666666666,0.3333333333333333,0.0,0.16666666666666666,0.0,0.0,0.0,0.16666666666666666,0.16666666666666666
201730128,0.5,0.6666666666666666,0.15,0.15789473684210525,0.15789473684210525,0.3,0.16666666666666666,0.16666666666666666,0.15789473684210525,0.3333333333333333,0.16666666666666666,0.5,0.3333333333333333,0.0,0.47368421052631576,0.3333333333333333,0.16666666666666666,0.6,0.3333333333333333,0.16666666666666666,0.16666666666666666,0.15789473684210525,0.47368421052631576,0.16666666666666666,0.16666666666666666,0.0,0.5,0.3333333333333333,0.16666666666666666,0.0,0.3684210526315789,0.21052631578947367,0.15,0.6666666666666666,0.5,0.16666666666666666,0.3,0.15789473684210525,0.3333333333333333,0.5,0.5,0.6,0.45,0.3333333333333333,0.3157894736842105,0.3333333333333333,0.0,0.16666666666666666,0.47368421052631576,0.3333333333333333,0.2,0.15789473684210525,0.3333333333333333,0.16666666666666666,0.16666666666666666,0.3157894736842105,0.3333333333333333,0.16666666666666666,0.15789473684210525,0.0,0.6666666666666666,0.16666666666666666,0.15789473684210525,0.3157894736842105,0.3333333333333333,0.0,0.3333333333333333,0.16666666666666666,0.0,0.45,0.75,0.3333333333333333,0.5,0.0,0.15789473684210525,0.3157894736842105
201730393,0.5,0.5,0.16666666666666666,0.3333333333333333,0.16666666666666666,0.3333333333333333,0.5,0.16666666666666666,0.16666666666666666,0.3333333333333333,0.3333333333333333,0.16666666666666666,0.3333333333333333,0.0,0.3333333333333333,0.5,0.16666666666666666,1.0,0.3333333333333333,0.3333333333333333,0.3333333333333333,0.16666666666666666,0.3333333333333333,0.3333333333333333,0.0,0.5,0.0,0.3333333333333333,0.3333333333333333,0.3333333333333333,0.3333333333333333,0.5,0.16666666666666666,0.3333333333333333,0.16666666666666666,0.3333333333333333,0.16666666666666666,0.16666666666666666,0.3333333333333333,0.3333333333333333,0.5,0.6666666666666666,0.3333333333333333,0.3333333333333333,0.3333333333333333,0.16666666666666666,0.0,0.16666666666666666,0.16666666666666666,0.0,0.3333333333333333,0.3333333333333333,0.16666666666666666,0.0,0.3333333333333333,0.16666666666666666,0.3333333333333333,0.5,0.3333333333333333,0.16666666666666666,0.6666666666666666,0.0,0.3333333333333333,0.3333333333333333,0.5,0.0,0.3333333333333333,0.5,0.16666666666666666,0.8333333333333334,0.5,0.3333333333333333,0.5,0.0,0.5,0.5
201729372,0.5,0.16666666666666666,0.16666666666666666,0.3333333333333333,0.0,0.3333333333333333,0.3333333333333333,0.16666666666666666,0.5,0.6666666666666666,0.0,0.5,0.16666666666666666,0.16666666666666666,0.3333333333333333,0.16666666666666666,0.16666666666666666,0.4,0.6666666666666666,0.5,0.3333333333333333,0.16666666666666666,0.16666666666666666,0.5,0.3333333333333333,0.3333333333333333,0.3333333333333333,0.0,0.3333333333333333,0.3333333333333333,0.16666666666666666,0.16666666666666666,0.5,0.3333333333333333,0.5,0.5,0.16666666666666666,0.5,0.16666666666666666,0.3333333333333333,0.5,0.16666666666666666,0.3333333333333333,0.6666666666666666,0.0,0.6666666666666666,0.0,0.16666666666666666,0.5,0.3333333333333333,0.5,0.3333333333333333,0.5,0.3333333333333333,0.3333333333333333,0.5,0.6666666666666666,0.16666666666666666,0.5,0.16666666666666666,0.5,0.3333333333333333,0.5,0.3333333333333333,0.16666666666666666,0.16666666666666666,0.16666666666666666,0.6666666666666666,0.3333333333333333,0.3333333333333333,0.3333333333333333,0.16666666666666666,0.16666666666666666,0.0,0.5,0.16666666666666666
201729629,0.3333333333333333,0.3333333333333333,0.3333333333333333,0.16666666666666666,0.16666666666666666,0.16666666666666666,0.5,0.5,0.16666666666666666,0.3333333333333333,0.0,0.16666666666666666,0.3333333333333333,0.16666666666666666,0.16666666666666666,0.16666666666666666,0.5,0.4,0.3333333333333333,0.5,0.6666666666666666,0.5,0.3333333333333333,0.6666666666666666,0.0,0.16666666666666666,0.3333333333333333,0.3333333333333333,0.0,0.16666666666666666,0.3333333333333333,0.16666666666666666,0.16666666666666666,0.16666666666666666,0.16666666666666666,0.5,0.0,0.16666666666666666,0.3333333333333333,0.16666666666666666,0.3333333333333333,0.16666666666666666,0.16666666666666666,0.3333333333333333,0.0,0.16666666666666666,0.3333333333333333,0.6666666666666666,0.16666666666666666,0.0,0.5,0.6666666666666666,0.16666666666666666,0.0,0.5,0.16666666666666666,0.3333333333333333,0.16666666666666666,0.5,0.5,0.3333333333333333,0.0,0.6666666666666666,0.16666666666666666,0.16666666666666666,0.16666666666666666,0.3333333333333333,0.3333333333333333,0.3333333333333333,0.3333333333333333,0.16666666666666666,0.3333333333333333,0.16666666666666666,0.0,0.5,0.16666666666666666
201728356,0.16666666666666666,0.0,0.0,0.3333333333333333,0.3333333333333333,0.3333333333333333,0.3333333333333333,0.0,0.5,0.3333333333333333,0.3333333333333333,0.16666666666666666,0.0,0.3333333333333333,0.0,0.16666666666666666,0.0,0.4,0.3333333333333333,0.3333333333333333,0.16666666666666666,0.0,0.0,0.3333333333333333,0.3333333333333333,0.0,0.3333333333333333,0.3333333333333333,0.16666666666666666,0.0,0.0,0.5,0.5,0.0,0.16666666666666666,0.3333333333333333,0.16666666666666666,0.5,0.0,0.0,0.16666666666666666,0.16666666666666666,0.0,0.3333333333333333,0.3333333333333333,0.16666666666666666,0.16666666666666666,0.0,0.16666666666666666,0.3333333333333333,0.3333333333333333,0.16666666666666666,0.16666666666666666,0.3333333333333333,0.16666666666666666,0.16666666666666666,0.3333333333333333,0.5,0.3333333333333333,0.3333333333333333,0.16666666666666666,0.3333333333333333,0.16666666666666666,0.3333333333333333,0.16666666666666666,0.16666666666666666,0.0,0.5,0.5,0.3333333333333333,0.0,0.0,0.16666666666666666,0.0,0.3333333333333333,0.16666666666666666
201715557,0.3333333333333333,0.5,0.15789473684210525,0.15789473684210525,0.0,0.15789473684210525,0.16666666666666666,0.5,0.0,0.16666666666666666,0.3333333333333333,0.16666666666666666,0.6666666666666666,0.15789473684210525,0.3157894736842105,0.3333333333333333,0.3333333333333333,0.4,0.16666666666666666,0.5,0.3333333333333333,0.3157894736842105,0.631578947368421,0.3333333333333333,0.0,0.3684210526315789,0.3333333333333333,0.16666666666666666,0.3333333333333333,0.0,0.0,0.21052631578947367,0.0,0.3333333333333333,0.16666666666666666,0.3333333333333333,0.15789473684210525,0.0,0.6666666666666666,0.6666666666666666,0.3333333333333333,0.3157894736842105,0.3157894736842105,0.16666666666666666,0.15789473684210525,0.16666666666666666,0.16666666666666666,0.5,0.15789473684210525,0.16666666666666666,0.3684210526315789,0.47368421052631576,0.16666666666666666,0.0,0.16666666666666666,0.15789473684210525,0.16666666666666666,0.16666666666666666,0.3157894736842105,0.15789473684210525,0.3333333333333333,0.0,0.3157894736842105,0.15789473684210525,0.5,0.3333333333333333,0.8333333333333334,0.16666666666666666,0.16666666666666666,0.3157894736842105,0.3157894736842105,0.5,0.3333333333333333,0.0,0.3157894736842105,0.47368421052631576
201713769,0.3333333333333333,0.16666666666666666,0.0,0.15789473684210525,0.3157894736842105,0.15789473684210525,0.3333333333333333,0.0,0.3157894736842105,0.16666666666666666,0.5,0.0,0.3333333333333333,0.15789473684210525,0.15789473684210525,0.3333333333333333,0.0,0.6,0.16666666666666666,0.16666666666666666,0.16666666666666666,0.0,0.15789473684210525,0.16666666666666666,0.16666666666666666,0.21052631578947367,0.5,0.16666666666666666,0.16666666666666666,0.5,0.21052631578947367,0.0,0.3157894736842105,0.3333333333333333,0.0,0.16666666666666666,0.47368421052631576,0.3157894736842105,0.3333333333333333,0.16666666666666666,0.3333333333333333,0.3157894736842105,0.15789473684210525,0.16666666666666666,0.47368421052631576,0.0,0.16666666666666666,0.0,0.0,0.16666666666666666,0.21052631578947367,0.15789473684210525,0.0,0.3333333333333333,0.16666666666666666,0.0,0.16666666666666666,0.6666666666666666,0.15789473684210525,0.3157894736842105,0.3333333333333333,0.16666666666666666,0.15789473684210525,0.47368421052631576,0.3333333333333333,0.0,0.16666666666666666,0.3333333333333333,0.3333333333333333,0.47368421052631576,0.15789473684210525,0.16666666666666666,0.3333333333333333,0.0,0.3157894736842105,0.3157894736842105
201729899,0.3333333333333333,0.0,0.0,0.15789473684210525,0.15789473684210525,0.15,0.16666666666666666,0.0,0.631578947368421,0.5,0.3333333333333333,0.5,0.0,0.47368421052631576,0.15789473684210525,0.0,0.0,0.2,0.5,0.5,0.16666666666666666,0.0,0.0,0.3333333333333333,0.5,0.15,0.16666666666666666,0.5,0.16666666666666666,0.5,0.0,0.3157894736842105,0.0,0.16666666666666666,0.3333333333333333,0.3333333333333333,0.3,0.7894736842105263,0.0,0.3333333333333333,0.3333333333333333,0.0,0.15,0.5,0.15789473684210525,0.3333333333333333,0.5,0.0,0.3157894736842105,0.5,0.3,0.15789473684210525,0.5,0.5,0.16666666666666666,0.3157894736842105,0.5,0.3333333333333333,0.3157894736842105,0.3157894736842105,0.3333333333333333,0.8333333333333334,0.15789473684210525,0.47368421052631576,0.0,0.16666666666666666,0.0,0.3333333333333333,0.5,0.15,0.15,0.0,0.0,0.0,0.3157894736842105,0.0
201728877,0.5,0.5,0.16666666666666666,0.16666666666666666,0.16666666666666666,0.3333333333333333,0.16666666666666666,0.16666666666666666,0.16666666666666666,0.3333333333333333,0.16666666666666666,0.5,0.5,0.0,0.5,0.3333333333333333,0.16666666666666666,0.4,0.3333333333333333,0.16666666666666666,0.16666666666666666,0.16666666666666666,0.5,0.16666666666666666,0.16666666666666666,0.6666666666666666,0.3333333333333333,0.3333333333333333,0.16666666666666666,0.0,0.3333333333333333,0.3333333333333333,0.16666666666666666,0.0,0.5,0.16666666666666666,0.5,0.16666666666666666,0.5,0.5,0.5,0.5,0.5,0.3333333333333333,0.3333333333333333,0.3333333333333333,0.0,0.16666666666666666,0.5,0.3333333333333333,0.16666666666666666,0.16666666666666666,0.3333333333333333,0.16666666666666666,0.16666666666666666,0.3333333333333333,0.3333333333333333,0.16666666666666666,0.16666666666666666,0.0,0.5,0.16666666666666666,0.16666666666666666,0.3333333333333333,0.3333333333333333,0.0,0.3333333333333333,0.16666666666666666,0.0,0.3333333333333333,0.6666666666666666,0.3333333333333333,0.5,0.0,0.16666666666666666,0.3333333333333333
201729144,0.3333333333333333,0.3333333333333333,0.16666666666666666,0.3333333333333333,0.16666666666666666,0.6666666666666666,0.16666666666666666,0.3333333333333333,0.3333333333333333,0.6666666666666666,0.0,0.6666666666666666,0.16666666666666666,0.16666666666666666,0.3333333333333333,0.16666666666666666,0.16666666666666666,0.2,0.5,0.3333333333333333,0.3333333333333333,0.16666666666666666,0.3333333333333333,0.3333333333333333,0.3333333333333333,0.5,0.16666666666666666,0.5,0.16666666666666666,0.16666666666666666,0.16666666666666666,0.0,0.3333333333333333,0.5,0.0,0.5,0.16666666666666666,0.3333333333333333,0.16666666666666666,0.3333333333333333,0.3333333333333333,0.3333333333333333,0.3333333333333333,0.5,0.16666666666666666,0.5,0.0,0.16666666666666666,0.6666666666666666,0.5,0.3333333333333333,0.16666666666666666,0.5,0.3333333333333333,0.16666666666666666,0.5,0.5,0.0,0.3333333333333333,0.0,0.3333333333333333,0.3333333333333333,0.16666666666666666,0.16666666666666666,0.16666666666666666,0.3333333333333333,0.16666666666666666,0.3333333333333333,0.16666666666666666,0.16666666666666666,0.5,0.16666666666666666,0.3333333333333333,0.0,0.3333333333333333,0.16666666666666666
201729658,0.3333333333333333,0.3333333333333333,0.16666666666666666,0.3333333333333333,0.0,0.5,0.3333333333333333,0.5,0.3333333333333333,0.6666666666666666,0.0,0.3333333333333333,0.3333333333333333,0.3333333333333333,0.16666666666666666,0.16666666666666666,0.3333333333333333,0.4,0.5,0.6666666666666666,0.6666666666666666,0.3333333333333333,0.3333333333333333,0.6666666666666666,0.16666666666666666,0.16666666666666666,0.3333333333333333,0.5,0.5,0.3333333333333333,0.3333333333333333,0.16666666666666666,0.3333333333333333,0.16666666666666666,0.5,0.0,0.0,0.3333333333333333,0.3333333333333333,0.16666666666666666,0.3333333333333333,0.16666666666666666,0.16666666666666666,0.5,0.0,0.3333333333333333,0.16666666666666666,0.3333333333333333,0.3333333333333333,0.16666666666666666,0.6666666666666666,0.5,0.3333333333333333,0.16666666666666666,0.3333333333333333,0.3333333333333333,0.5,0.16666666666666666,0.6666666666666666,0.3333333333333333,0.3333333333333333,0.16666666666666666,0.5,0.16666666666666666,0.16666666666666666,0.5,0.3333333333333333,0.5,0.6666666666666666,0.5,0.16666666666666666,0.3333333333333333,0.16666666666666666,0.0,0.6666666666666666,0.16666666666666666
201730173,0.3333333333333333,0.16666666666666666,0.0,0.0,0.15789473684210525,0.0,0.0,0.0,0.3157894736842105,0.16666666666666666,0.3333333333333333,0.16666666666666666,0.3333333333333333,0.15789473684210525,0.47368421052631576,0.3333333333333333,0.16666666666666666,0.2,0.16666666666666666,0.0,0.0,0.15789473684210525,0.15789473684210525,0.0,0.3333333333333333,0.3,0.16666666666666666,0.16666666666666666,0.0,0.16666666666666666,0.15789473684210525,0.47368421052631576,0.3,0.5,0.16666666666666666,0.0,0.0,0.3157894736842105,0.3333333333333333,0.3333333333333333,0.3333333333333333,0.15,0.45,0.16666666666666666,0.3157894736842105,0.16666666666666666,0.16666666666666666,0.0,0.15789473684210525,0.3333333333333333,0.0,0.0,0.16666666666666666,0.3333333333333333,0.0,0.3157894736842105,0.16666666666666666,0.3333333333333333,0.0,0.15789473684210525,0.3333333333333333,0.3333333333333333,0.0,0.47368421052631576,0.3333333333333333,0.0,0.16666666666666666,0.0,0.16666666666666666,0.15,0.3,0.3333333333333333,0.16666666666666666,0.15,0.0,0.15789473684210525
201729151,0.3333333333333333,0.0,0.0,0.15789473684210525,0.15789473684210525,0.15789473684210525,0.16666666666666666,0.0,0.631578947368421,0.5,0.3333333333333333,0.3333333333333333,0.0,0.3157894736842105,0.15789473684210525,0.0,0.0,0.2,0.5,0.3333333333333333,0.16666666666666666,0.0,0.0,0.3333333333333333,0.5,0.15789473684210525,0.16666666666666666,0.5,0.16666666666666666,0.5,0.0,0.3157894736842105,0.7894736842105263,0.16666666666666666,0.3333333333333333,0.3333333333333333,0.3157894736842105,0.0,0.0,0.16666666666666666,0.3333333333333333,0.0,0.15789473684210525,0.5,0.15789473684210525,0.3333333333333333,0.3333333333333333,0.0,0.3157894736842105,0.5,0.3157894736842105,0.15789473684210525,0.3333333333333333,0.5,0.16666666666666666,0.3157894736842105,0.5,0.3333333333333333,0.3157894736842105,0.3157894736842105,0.3333333333333333,0.6666666666666666,0.15789473684210525,0.47368421052631576,0.0,0.16666666666666666,0.0,0.3333333333333333,0.5,0.15789473684210525,0.15789473684210525,0.0,0.0,0.0,0.3157894736842105,0.0
201730953,0.3333333333333333,0.5,0.16666666666666666,0.16666666666666666,0.0,0.16666666666666666,0.16666666666666666,0.5,0.0,0.16666666666666666,0.16666666666666666,0.16666666666666666,0.8333333333333334,0.16666666666666666,0.3333333333333333,0.3333333333333333,0.3333333333333333,0.4,0.16666666666666666,0.3333333333333333,0.3333333333333333,0.3333333333333333,0.5,0.3333333333333333,0.0,0.3333333333333333,0.3333333333333333,0.16666666666666666,0.3333333333333333,0.0,0.6666666666666666,0.3333333333333333,0.0,0.5,0.16666666666666666,0.3333333333333333,0.3333333333333333,0.0,0.0,0.5,0.3333333333333333,0.3333333333333333,0.3333333333333333,0.16666666666666666,0.16666666666666666,0.16666666666666666,0.16666666666666666,0.5,0.16666666666666666,0.0,0.3333333333333333,0.3333333333333333,0.16666666666666666,0.0,0.16666666666666666,0.16666666666666666,0.16666666666666666,0.16666666666666666,0.3333333333333333,0.16666666666666666,0.3333333333333333,0.0,0.3333333333333333,0.16666666666666666,0.3333333333333333,0.3333333333333333,0.6666666666666666,0.16666666666666666,0.16666666666666666,0.3333333333333333,0.3333333333333333,0.5,0.3333333333333333,0.0,0.3333333333333333,0.3333333333333333
201730699,0.5,0.3333333333333333,0.16666666666666666,0.16666666666666666,0.0,0.16666666666666666,0.16666666666666666,0.3333333333333333,0.16666666666666666,0.3333333333333333,0.16666666666666666,0.5,0.5,0.16666666666666666,0.5,0.3333333333333333,0.16666666666666666,0.4,0.3333333333333333,0.5,0.16666666666666666,0.16666666666666666,0.3333333333333333,0.16666666666666666,0.16666666666666666,0.5,0.3333333333333333,0.3333333333333333,0.16666666666666666,0.0,0.6666666666666666,0.16666666666666666,0.3333333333333333,0.5,0.3333333333333333,0.16666666666666666,0.3333333333333333,0.16666666666666666,0.5,0.0,0.5,0.3333333333333333,0.5,0.3333333333333333,0.16666666666666666,0.3333333333333333,0.16666666666666666,0.3333333333333333,0.3333333333333333,0.3333333333333333,0.16666666666666666,0.3333333333333333,0.5,0.16666666666666666,0.16666666666666666,0.3333333333333333,0.3333333333333333,0.16666666666666666,0.16666666666666666,0.0,0.5,0.3333333333333333,0.16666666666666666,0.3333333333333333,0.3333333333333333,0.16666666666666666,0.6666666666666666,0.16666666666666666,0.0,0.3333333333333333,0.5,0.3333333333333333,0.3333333333333333,0.0,0.16666666666666666,0.3333333333333333
201730959,0.6666666666666666,0.3333333333333333,0.16666666666666666,0.16666666666666666,0.0,0.16666666666666666,0.3333333333333333,0.16666666666666666,0.3333333333333333,0.5,0.16666666666666666,0.3333333333333333,0.3333333333333333,0.0,0.5,0.3333333333333333,0.16666666666666666,0.6,0.5,0.3333333333333333,0.3333333333333333,0.16666666666666666,0.3333333333333333,0.3333333333333333,0.16666666666666666,0.5,0.5,0.5,0.3333333333333333,0.16666666666666666,0.3333333333333333,0.3333333333333333,0.3333333333333333,0.5,0.3333333333333333,0.3333333333333333,0.3333333333333333,0.3333333333333333,0.3333333333333333,0.5,0.0,0.3333333333333333,0.5,0.5,0.16666666666666666,0.3333333333333333,0.0,0.16666666666666666,0.3333333333333333,0.16666666666666666,0.3333333333333333,0.3333333333333333,0.3333333333333333,0.16666666666666666,0.3333333333333333,0.3333333333333333,0.6666666666666666,0.3333333333333333,0.3333333333333333,0.16666666666666666,0.6666666666666666,0.16666666666666666,0.3333333333333333,0.5,0.3333333333333333,0.0,0.3333333333333333,0.3333333333333333,0.16666666666666666,0.5,0.5,0.3333333333333333,0.3333333333333333,0.0,0.3333333333333333,0.3333333333333333
201729426,0.3333333333333333,0.6666666666666666,0.15,0.3157894736842105,0.3157894736842105,0.45,0.3333333333333333,0.16666666666666666,0.0,0.16666666666666666,0.3333333333333333,0.3333333333333333,0.3333333333333333,0.0,0.3157894736842105,0.5,0.16666666666666666,0.8,0.16666666666666666,0.16666666666666666,0.16666666666666666,0.15789473684210525,0.47368421052631576,0.16666666666666666,0.0,0.6,0.6666666666666666,0.16666666666666666,0.16666666666666666,0.16666666666666666,0.3157894736842105,0.3157894736842105,0.0,0.5,0.3333333333333333,0.16666666666666666,0.15,0.0,0.3333333333333333,0.3333333333333333,0.3333333333333333,0.0,0.3,0.16666666666666666,0.47368421052631576,0.16666666666666666,0.0,0.16666666666666666,0.3157894736842105,0.16666666666666666,0.15,0.15789473684210525,0.16666666666666666,0.0,0.16666666666666666,0.15789473684210525,0.16666666666666666,0.3333333333333333,0.15789473684210525,0.0,0.5,0.0,0.15789473684210525,0.15789473684210525,0.5,0.0,0.3333333333333333,0.3333333333333333,0.0,0.6,0.6,0.3333333333333333,0.6666666666666666,0.0,0.21052631578947367,0.47368421052631576
201614739,0.5,0.3333333333333333,0.15,0.15789473684210525,0.0,0.15,0.16666666666666666,0.16666666666666666,0.15789473684210525,0.3333333333333333,0.16666666666666666,0.3333333333333333,0.3333333333333333,0.0,0.631578947368421,0.5,0.5,0.4,0.5,0.16666666666666666,0.16666666666666666,0.3157894736842105,0.3157894736842105,0.16666666666666666,0.16666666666666666,0.45,0.3333333333333333,0.3333333333333333,0.16666666666666666,0.0,0.3157894736842105,0.15789473684210525,0.15,0.5,0.3333333333333333,0.16666666666666666,0.45,0.15789473684210525,0.3333333333333333,0.5,0.5,0.3,0.0,0.3333333333333333,0.15789473684210525,0.3333333333333333,0.0,0.16666666666666666,0.3157894736842105,0.16666666666666666,0.3,0.15789473684210525,0.3333333333333333,0.16666666666666666,0.3333333333333333,0.47368421052631576,0.3333333333333333,0.16666666666666666,0.3157894736842105,0.0,0.5,0.16666666666666666,0.15789473684210525,0.3157894736842105,0.5,0.0,0.3333333333333333,0.16666666666666666,0.0,0.3,0.45,0.5,0.3333333333333333,0.15,0.15789473684210525,0.3157894736842105
201730964,0.5,0.16666666666666666,0.16666666666666666,0.3333333333333333,0.0,0.3333333333333333,0.3333333333333333,0.16666666666666666,0.5,0.6666666666666666,0.0,0.5,0.16666666666666666,0.16666666666666666,0.3333333333333333,0.16666666666666666,0.16666666666666666,0.4,0.6666666666666666,0.5,0.3333333333333333,0.16666666666666666,0.16666666666666666,0.5,0.3333333333333333,0.3333333333333333,0.3333333333333333,0.6666666666666666,0.3333333333333333,0.3333333333333333,0.16666666666666666,0.16666666666666666,0.5,0.3333333333333333,0.5,0.5,0.16666666666666666,0.5,0.16666666666666666,0.3333333333333333,0.5,0.16666666666666666,0.3333333333333333,0.0,0.0,0.5,0.0,0.16666666666666666,0.5,0.3333333333333333,0.5,0.3333333333333333,0.5,0.3333333333333333,0.3333333333333333,0.6666666666666666,0.6666666666666666,0.16666666666666666,0.5,0.3333333333333333,0.5,0.3333333333333333,0.3333333333333333,0.3333333333333333,0.16666666666666666,0.16666666666666666,0.16666666666666666,0.5,0.3333333333333333,0.3333333333333333,0.3333333333333333,0.16666666666666666,0.16666666666666666,0.0,0.5,0.16666666666666666
201730463,0.16666666666666666,0.3333333333333333,0.0,0.3157894736842105,0.47368421052631576,0.47368421052631576,0.16666666666666666,0.0,0.15789473684210525,0.0,0.5,0.16666666666666666,0.16666666666666666,0.15789473684210525,0.15789473684210525,0.3333333333333333,0.0,0.4,0.0,0.0,0.0,0.0,0.3157894736842105,0.0,0.16666666666666666,0.3157894736842105,0.3333333333333333,0.0,0.0,0.3333333333333333,0.15789473684210525,0.47368421052631576,0.15789473684210525,0.3333333333333333,0.16666666666666666,0.0,0.3157894736842105,0.15789473684210525,0.16666666666666666,0.16666666666666666,0.16666666666666666,0.47368421052631576,0.15789473684210525,0.0,0.0,0.16666666666666666,0.16666666666666666,0.0,0.3157894736842105,0.3333333333333333,0.0,0.0,0.0,0.16666666666666666,0.0,0.0,0.0,0.5,0.0,0.15789473684210525,0.16666666666666666,0.16666666666666666,0.0,0.3157894736842105,0.3333333333333333,0.16666666666666666,0.16666666666666666,0.16666666666666666,0.16666666666666666,0.3157894736842105,0.3157894736842105,0.16666666666666666,0.5,0.0,0.0,0.3157894736842105
201729187,0.3333333333333333,0.16666666666666666,0.16666666666666666,0.6666666666666666,0.0,0.5,0.16666666666666666,0.16666666666666666,0.3333333333333333,0.5,0.16666666666666666,0.5,0.16666666666666666,0.3333333333333333,0.3333333333333333,0.16666666666666666,0.16666666666666666,0.2,0.5,0.3333333333333333,0.16666666666666666,0.16666666666666666,0.16666666666666666,0.3333333333333333,0.5,0.3333333333333333,0.16666666666666666,0.6666666666666666,0.16666666666666666,0.16666666666666666,0.16666666666666666,0.0,0.3333333333333333,0.3333333333333333,0.5,0.3333333333333333,0.16666666666666666,0.3333333333333333,0.16666666666666666,0.3333333333333333,0.3333333333333333,0.16666666666666666,0.3333333333333333,0.5,0.16666666666666666,0.0,0.16666666666666666,0.16666666666666666,0.6666666666666666,0.3333333333333333,0.3333333333333333,0.16666666666666666,0.6666666666666666,0.5,0.16666666666666666,0.5,0.5,0.0,0.3333333333333333,0.0,0.3333333333333333,0.5,0.3333333333333333,0.16666666666666666,0.16666666666666666,0.3333333333333333,0.16666666666666666,0.3333333333333333,0.16666666666666666,0.16666666666666666,0.3333333333333333,0.16666666666666666,0.16666666666666666,0.0,0.3333333333333333,0.3333333333333333
201728933,0.0,0.16666666666666666,0.16666666666666666,0.16666666666666666,0.3333333333333333,0.0,0.16666666666666666,0.3333333333333333,0.16666666666666666,0.0,0.5,0.16666666666666666,0.16666666666666666,0.6666666666666666,0.0,0.0,0.3333333333333333,0.0,0.0,0.3333333333333333,0.3333333333333333,0.3333333333333333,0.16666666666666666,0.16666666666666666,0.3333333333333333,0.0,0.0,0.0,0.3333333333333333,0.16666666666666666,0.16666666666666666,0.16666666666666666,0.5,0.0,0.0,0.16666666666666666,0.16666666666666666,0.3333333333333333,0.16666666666666666,0.16666666666666666,0.0,0.0,0.0,0.0,0.16666666666666666,0.16666666666666666,0.0,0.3333333333333333,0.0,0.16666666666666666,0.16666666666666666,0.3333333333333333,0.3333333333333333,0.3333333333333333,0.16666666666666666,0.0,0.0,0.16666666666666666,0.16666666666666666,0.5,0.0,0.6666666666666666,0.3333333333333333,0.16666666666666666,0.0,0.16666666666666666,0.16666666666666666,0.0,0.3333333333333333,0.0,0.0,0.16666666666666666,0.0,0.0,0.16666666666666666,0.16666666666666666
201729701,0.16666666666666666,0.3333333333333333,0.3333333333333333,0.16666666666666666,0.16666666666666666,0.16666666666666666,0.3333333333333333,0.6666666666666666,0.0,0.16666666666666666,0.0,0.16666666666666666,0.5,0.16666666666666666,0.16666666666666666,0.16666666666666666,0.5,0.2,0.16666666666666666,0.3333333333333333,0.5,0.5,0.3333333333333333,0.5,0.0,0.16666666666666666,0.16666666666666666,0.16666666666666666,0.6666666666666666,0.0,0.5,0.0,0.0,0.16666666666666666,0.16666666666666666,0.3333333333333333,0.0,0.0,0.5,0.3333333333333333,0.16666666666666666,0.16666666666666666,0.16666666666666666,0.16666666666666666,0.0,0.16666666666666666,0.3333333333333333,0.0,0.16666666666666666,0.0,0.3333333333333333,0.5,0.16666666666666666,0.0,0.3333333333333333,0.16666666666666666,0.16666666666666666,0.0,0.3333333333333333,0.3333333333333333,0.16666666666666666,0.0,0.5,0.0,0.16666666666666666,0.3333333333333333,0.5,0.16666666666666666,0.16666666666666666,0.16666666666666666,0.16666666666666666,0.3333333333333333,0.16666666666666666,0.0,0.3333333333333333,0.16666666666666666
201730996,0.3333333333333333,0.3333333333333333,0.15789473684210525,0.47368421052631576,0.15789473684210525,0.631578947368421,0.16666666666666666,0.16666666666666666,0.3157894736842105,0.5,0.0,0.6666666666666666,0.16666666666666666,0.15789473684210525,0.3157894736842105,0.16666666666666666,0.16666666666666666,0.2,0.5,0.3333333333333333,0.16666666666666666,0.15789473684210525,0.3157894736842105,0.3333333333333333,0.3333333333333333,0.47368421052631576,0.16666666666666666,0.5,0.16666666666666666,0.16666666666666666,0.15789473684210525,0.0,0.3157894736842105,0.5,0.6666666666666666,0.3333333333333333,0.15789473684210525,0.3157894736842105,0.16666666666666666,0.3333333333333333,0.3333333333333333,0.3157894736842105,0.3157894736842105,0.5,0.3157894736842105,0.6666666666666666,0.0,0.16666666666666666,0.0,0.5,0.3157894736842105,0.15789473684210525,0.5,0.3333333333333333,0.16666666666666666,0.47368421052631576,0.5,0.0,0.3157894736842105,0.0,0.3333333333333333,0.3333333333333333,0.15789473684210525,0.15789473684210525,0.16666666666666666,0.3333333333333333,0.16666666666666666,0.3333333333333333,0.16666666666666666,0.15789473684210525,0.47368421052631576,0.16666666666666666,0.3333333333333333,0.0,0.3157894736842105,0.15789473684210525
201633205,0.16666666666666666,0.16666666666666666,0.0,0.16666666666666666,0.3333333333333333,0.3333333333333333,0.0,0.0,0.6666666666666666,0.3333333333333333,0.16666666666666666,0.5,0.0,0.3333333333333333,0.16666666666666666,0.0,0.0,0.0,0.3333333333333333,0.3333333333333333,0.0,0.0,0.16666666666666666,0.16666666666666666,0.5,0.3333333333333333,0.0,0.3333333333333333,0.0,0.3333333333333333,0.16666666666666666,0.16666666666666666,0.5,0.3333333333333333,0.5,0.16666666666666666,0.3333333333333333,0.5,0.0,0.3333333333333333,0.16666666666666666,0.16666666666666666,0.16666666666666666,0.3333333333333333,0.3333333333333333,0.3333333333333333,0.16666666666666666,0.0,0.5,0.0,0.16666666666666666,0.16666666666666666,0.3333333333333333,0.5,0.0,0.3333333333333333,0.3333333333333333,0.3333333333333333,0.16666666666666666,0.16666666666666666,0.16666666666666666,0.5,0.0,0.5,0.0,0.16666666666666666,0.16666666666666666,0.16666666666666666,0.3333333333333333,0.0,0.3333333333333333,0.0,0.16666666666666666,0.0,0.16666666666666666,0.0
201730489,0.3333333333333333,0.3333333333333333,0.15,0.3157894736842105,0.0,0.3,0.3333333333333333,0.3333333333333333,0.47368421052631576,0.5,0.0,0.3333333333333333,0.3333333333333333,0.3157894736842105,0.15789473684210525,0.16666666666666666,0.5,0.4,0.6666666666666666,0.6666666666666666,0.5,0.3157894736842105,0.3157894736842105,0.6666666666666666,0.16666666666666666,0.2,0.3333333333333333,0.5,0.5,0.3333333333333333,0.3684210526315789,0.21052631578947367,0.3,0.16666666666666666,0.3333333333333333,0.6666666666666666,0.0,0.3157894736842105,0.3333333333333333,0.16666666666666666,0.3333333333333333,0.15,0.3,0.5,0.0,0.3333333333333333,0.16666666666666666,0.3333333333333333,0.3157894736842105,0.16666666666666666,0.0,0.47368421052631576,0.3333333333333333,0.16666666666666666,0.5,0.3157894736842105,0.5,0.16666666666666666,0.7894736842105263,0.3157894736842105,0.3333333333333333,0.16666666666666666,0.47368421052631576,0.15789473684210525,0.16666666666666666,0.3333333333333333,0.3333333333333333,0.5,0.5,0.3,0.15,0.3333333333333333,0.16666666666666666,0.0,0.631578947368421,0.15789473684210525
201731515,0.3333333333333333,0.3333333333333333,0.3157894736842105,0.15789473684210525,0.15789473684210525,0.15789473684210525,0.5,0.5,0.15789473684210525,0.3333333333333333,0.0,0.16666666666666666,0.3333333333333333,0.15789473684210525,0.15789473684210525,0.16666666666666666,0.5,0.4,0.3333333333333333,0.6666666666666666,0.6666666666666666,0.47368421052631576,0.3157894736842105,0.5,0.0,0.15789473684210525,0.3333333333333333,0.3333333333333333,0.6666666666666666,0.16666666666666666,0.47368421052631576,0.15789473684210525,0.15789473684210525,0.16666666666666666,0.16666666666666666,0.5,0.0,0.15789473684210525,0.3333333333333333,0.3333333333333333,0.3333333333333333,0.15789473684210525,0.15789473684210525,0.3333333333333333,0.0,0.16666666666666666,0.3333333333333333,0.5,0.15789473684210525,0.16666666666666666,0.47368421052631576,0.0,0.16666666666666666,0.0,0.5,0.15789473684210525,0.3333333333333333,0.16666666666666666,0.47368421052631576,0.47368421052631576,0.3333333333333333,0.0,0.631578947368421,0.15789473684210525,0.16666666666666666,0.16666666666666666,0.5,0.3333333333333333,0.3333333333333333,0.3157894736842105,0.15789473684210525,0.3333333333333333,0.16666666666666666,0.0,0.47368421052631576,0.15789473684210525
201731771,0.3333333333333333,0.16666666666666666,0.16666666666666666,0.5,0.0,0.3333333333333333,0.16666666666666666,0.16666666666666666,0.3333333333333333,0.5,0.16666666666666666,0.6666666666666666,0.16666666666666666,0.5,0.3333333333333333,0.16666666666666666,0.16666666666666666,0.2,0.5,0.5,0.16666666666666666,0.16666666666666666,0.16666666666666666,0.3333333333333333,0.5,0.3333333333333333,0.16666666666666666,0.5,0.16666666666666666,0.16666666666666666,0.16666666666666666,0.0,0.5,0.3333333333333333,0.5,0.3333333333333333,0.16666666666666666,0.3333333333333333,0.16666666666666666,0.5,0.3333333333333333,0.16666666666666666,0.3333333333333333,0.5,0.0,0.6666666666666666,0.3333333333333333,0.16666666666666666,0.5,0.3333333333333333,0.3333333333333333,0.16666666666666666,0.0,0.5,0.16666666666666666,0.5,0.5,0.0,0.3333333333333333,0.0,0.3333333333333333,0.6666666666666666,0.16666666666666666,0.16666666666666666,0.16666666666666666,0.16666666666666666,0.16666666666666666,0.3333333333333333,0.16666666666666666,0.16666666666666666,0.3333333333333333,0.16666666666666666,0.16666666666666666,0.0,0.3333333333333333,0.3333333333333333
201729216,0.16666666666666666,0.0,0.0,0.3333333333333333,0.16666666666666666,0.16666666666666666,0.0,0.0,0.5,0.3333333333333333,0.3333333333333333,0.3333333333333333,0.0,0.5,0.16666666666666666,0.0,0.0,0.0,0.3333333333333333,0.16666666666666666,0.0,0.0,0.0,0.16666666666666666,0.6666666666666666,0.16666666666666666,0.0,0.3333333333333333,0.0,0.3333333333333333,0.0,0.3333333333333333,0.5,0.16666666666666666,0.3333333333333333,0.16666666666666666,0.3333333333333333,0.5,0.0,0.16666666666666666,0.16666666666666666,0.0,0.16666666666666666,0.3333333333333333,0.16666666666666666,0.5,0.3333333333333333,0.0,0.3333333333333333,0.5,0.16666666666666666,0.0,0.5,0.0,0.0,0.3333333333333333,0.3333333333333333,0.16666666666666666,0.16666666666666666,0.16666666666666666,0.16666666666666666,0.6666666666666666,0.0,0.3333333333333333,0.0,0.16666666666666666,0.0,0.16666666666666666,0.3333333333333333,0.0,0.16666666666666666,0.0,0.0,0.0,0.3333333333333333,0.16666666666666666
201714113,0.3333333333333333,0.16666666666666666,0.3333333333333333,0.16666666666666666,0.16666666666666666,0.16666666666666666,0.5,0.3333333333333333,0.16666666666666666,0.3333333333333333,0.0,0.16666666666666666,0.16666666666666666,0.0,0.16666666666666666,0.16666666666666666,0.5,0.4,0.5,0.3333333333333333,0.5,0.3333333333333333,0.16666666666666666,0.3333333333333333,0.0,0.16666666666666666,0.3333333333333333,0.3333333333333333,0.5,0.16666666666666666,0.16666666666666666,0.16666666666666666,0.16666666666666666,0.16666666666666666,0.16666666666666666,0.3333333333333333,0.0,0.16666666666666666,0.16666666666666666,0.16666666666666666,0.3333333333333333,0.16666666666666666,0.3333333333333333,0.3333333333333333,0.0,0.16666666666666666,0.16666666666666666,0.3333333333333333,0.16666666666666666,0.0,0.5,0.5,0.16666666666666666,0.0,0.0,0.16666666666666666,0.3333333333333333,0.16666666666666666,0.5,0.3333333333333333,0.3333333333333333,0.0,0.5,0.16666666666666666,0.16666666666666666,0.0,0.16666666666666666,0.3333333333333333,0.16666666666666666,0.3333333333333333,0.16666666666666666,0.16666666666666666,0.16666666666666666,0.0,0.3333333333333333,0.16666666666666666
201729231,0.3333333333333333,0.16666666666666666,0.15789473684210525,0.3157894736842105,0.0,0.3157894736842105,0.16666666666666666,0.16666666666666666,0.3157894736842105,0.5,0.0,0.5,0.16666666666666666,0.15789473684210525,0.47368421052631576,0.3333333333333333,0.3333333333333333,0.2,0.5,0.3333333333333333,0.16666666666666666,0.3684210526315789,0.15789473684210525,0.3333333333333333,0.3333333333333333,0.3157894736842105,0.16666666666666666,0.5,0.16666666666666666,0.16666666666666666,0.15789473684210525,0.0,0.3157894736842105,0.3333333333333333,0.5,0.3333333333333333,0.3157894736842105,0.3157894736842105,0.16666666666666666,0.3333333333333333,0.3333333333333333,0.15789473684210525,0.47368421052631576,0.6666666666666666,0.0,0.5,0.0,0.16666666666666666,0.47368421052631576,0.3333333333333333,0.3157894736842105,0.15789473684210525,0.5,0.3333333333333333,0.16666666666666666,0.0,0.5,0.0,0.3157894736842105,0.0,0.3333333333333333,0.3333333333333333,0.15789473684210525,0.15789473684210525,0.3333333333333333,0.16666666666666666,0.16666666666666666,0.3333333333333333,0.16666666666666666,0.15789473684210525,0.3157894736842105,0.3333333333333333,0.16666666666666666,0.15789473684210525,0.3157894736842105,0.15789473684210525
201729744,0.5,0.16666666666666666,0.16666666666666666,0.3333333333333333,0.0,0.3333333333333333,0.3333333333333333,0.16666666666666666,0.5,0.6666666666666666,0.0,0.5,0.16666666666666666,0.16666666666666666,0.3333333333333333,0.16666666666666666,0.16666666666666666,0.4,0.6666666666666666,0.5,0.3333333333333333,0.16666666666666666,0.16666666666666666,0.5,0.3333333333333333,0.3333333333333333,0.3333333333333333,0.6666666666666666,0.3333333333333333,0.3333333333333333,0.16666666666666666,0.16666666666666666,0.5,0.3333333333333333,0.5,0.5,0.16666666666666666,0.5,0.16666666666666666,0.3333333333333333,0.6666666666666666,0.16666666666666666,0.3333333333333333,0.6666666666666666,0.0,0.5,0.0,0.16666666666666666,0.5,0.3333333333333333,0.5,0.3333333333333333,0.5,0.3333333333333333,0.3333333333333333,0.5,0.0,0.16666666666666666,0.5,0.16666666666666666,0.5,0.3333333333333333,0.3333333333333333,0.3333333333333333,0.3333333333333333,0.16666666666666666,0.16666666666666666,0.5,0.3333333333333333,0.3333333333333333,0.3333333333333333,0.16666666666666666,0.16666666666666666,0.0,0.5,0.16666666666666666
201730000,0.3333333333333333,0.16666666666666666,0.0,0.16666666666666666,0.3333333333333333,0.16666666666666666,0.3333333333333333,0.0,0.5,0.3333333333333333,0.5,0.16666666666666666,0.16666666666666666,0.16666666666666666,0.16666666666666666,0.3333333333333333,0.0,0.6,0.16666666666666666,0.16666666666666666,0.16666666666666666,0.0,0.16666666666666666,0.3333333333333333,0.16666666666666666,0.16666666666666666,0.5,0.16666666666666666,0.16666666666666666,0.5,0.16666666666666666,0.6666666666666666,0.3333333333333333,0.16666666666666666,0.0,0.16666666666666666,0.3333333333333333,0.3333333333333333,0.16666666666666666,0.16666666666666666,0.3333333333333333,0.3333333333333333,0.16666666666666666,0.16666666666666666,0.5,0.0,0.16666666666666666,0.0,0.0,0.3333333333333333,0.16666666666666666,0.16666666666666666,0.0,0.16666666666666666,0.16666666666666666,0.0,0.16666666666666666,0.0,0.16666666666666666,0.3333333333333333,0.3333333333333333,0.16666666666666666,0.16666666666666666,0.6666666666666666,0.3333333333333333,0.0,0.16666666666666666,0.3333333333333333,0.3333333333333333,0.5,0.16666666666666666,0.16666666666666666,0.3333333333333333,0.0,0.16666666666666666,0.3333333333333333
201728211,0.3333333333333333,0.3333333333333333,0.15789473684210525,0.3157894736842105,0.0,0.3157894736842105,0.3333333333333333,0.3333333333333333,0.3157894736842105,0.5,0.0,0.3333333333333333,0.3333333333333333,0.3157894736842105,0.15789473684210525,0.16666666666666666,0.5,0.4,0.6666666666666666,0.6666666666666666,0.5,0.3157894736842105,0.3157894736842105,0.6666666666666666,0.16666666666666666,0.15789473684210525,0.3333333333333333,0.5,0.5,0.3333333333333333,0.3157894736842105,0.15789473684210525,0.3157894736842105,0.16666666666666666,0.3333333333333333,0.6666666666666666,0.0,0.3157894736842105,0.3333333333333333,0.16666666666666666,0.3333333333333333,0.15789473684210525,0.3157894736842105,0.5,0.0,0.3333333333333333,0.16666666666666666,0.3333333333333333,0.3157894736842105,0.16666666666666666,0.7894736842105263,0.47368421052631576,0.3333333333333333,0.16666666666666666,0.5,0.3157894736842105,0.5,0.16666666666666666,0.0,0.3157894736842105,0.3333333333333333,0.16666666666666666,0.47368421052631576,0.15789473684210525,0.16666666666666666,0.3333333333333333,0.3333333333333333,0.5,0.5,0.3157894736842105,0.15789473684210525,0.3333333333333333,0.16666666666666666,0.0,0.631578947368421,0.15789473684210525
201731030,0.16666666666666666,0.16666666666666666,0.15789473684210525,0.0,0.3157894736842105,0.0,0.3333333333333333,0.3333333333333333,0.3157894736842105,0.16666666666666666,0.16666666666666666,0.0,0.16666666666666666,0.3157894736842105,0.0,0.0,0.3333333333333333,0.2,0.16666666666666666,0.3333333333333333,0.5,0.3157894736842105,0.15789473684210525,0.3333333333333333,0.16666666666666666,0.0,0.16666666666666666,0.16666666666666666,0.5,0.3333333333333333,0.15789473684210525,0.3157894736842105,0.3157894736842105,0.0,0.0,0.3333333333333333,0.15789473684210525,0.3157894736842105,0.16666666666666666,0.0,0.16666666666666666,0.0,0.0,0.3333333333333333,0.15789473684210525,0.0,0.5,0.3333333333333333,0.0,0.16666666666666666,0.3157894736842105,0.47368421052631576,0.0,0.16666666666666666,0.3333333333333333,0.0,0.16666666666666666,0.3333333333333333,0.3157894736842105,0.0,0.16666666666666666,0.16666666666666666,0.47368421052631576,0.3157894736842105,0.0,0.16666666666666666,0.16666666666666666,0.16666666666666666,0.5,0.15789473684210525,0.0,0.16666666666666666,0.0,0.0,0.3157894736842105,0.0
201730007,0.6666666666666666,0.5,0.3333333333333333,0.16666666666666666,0.0,0.16666666666666666,0.3333333333333333,0.16666666666666666,0.3333333333333333,0.5,0.16666666666666666,0.3333333333333333,0.3333333333333333,0.0,0.5,0.3333333333333333,0.16666666666666666,0.8,0.5,0.3333333333333333,0.3333333333333333,0.16666666666666666,0.3333333333333333,0.3333333333333333,0.16666666666666666,0.6666666666666666,0.6666666666666666,0.5,0.3333333333333333,0.16666666666666666,0.3333333333333333,0.3333333333333333,0.3333333333333333,0.5,0.3333333333333333,0.3333333333333333,0.3333333333333333,0.3333333333333333,0.3333333333333333,0.5,0.6666666666666666,0.5,0.5,0.5,0.16666666666666666,0.3333333333333333,0.0,0.16666666666666666,0.3333333333333333,0.16666666666666666,0.3333333333333333,0.3333333333333333,0.3333333333333333,0.16666666666666666,0.3333333333333333,0.3333333333333333,0.5,0.3333333333333333,0.3333333333333333,0.16666666666666666,0.0,0.16666666666666666,0.3333333333333333,0.5,0.3333333333333333,0.0,0.3333333333333333,0.3333333333333333,0.16666666666666666,0.6666666666666666,0.6666666666666666,0.3333333333333333,0.3333333333333333,0.0,0.3333333333333333,0.3333333333333333
201729753,0.16666666666666666,0.0,0.0,0.3333333333333333,0.16666666666666666,0.16666666666666666,0.0,0.0,0.5,0.3333333333333333,0.5,0.5,0.0,0.6666666666666666,0.16666666666666666,0.0,0.0,0.0,0.3333333333333333,0.3333333333333333,0.0,0.0,0.0,0.16666666666666666,0.6666666666666666,0.16666666666666666,0.0,0.3333333333333333,0.0,0.3333333333333333,0.0,0.16666666666666666,0.8333333333333334,0.16666666666666666,0.3333333333333333,0.16666666666666666,0.3333333333333333,0.6666666666666666,0.0,0.3333333333333333,0.16666666666666666,0.0,0.16666666666666666,0.3333333333333333,0.16666666666666666,0.5,0.6666666666666666,0.0,0.3333333333333333,0.5,0.16666666666666666,0.0,0.6666666666666666,0.6666666666666666,0.0,0.3333333333333333,0.3333333333333333,0.16666666666666666,0.16666666666666666,0.16666666666666666,0.16666666666666666,0.0,0.0,0.3333333333333333,0.0,0.16666666666666666,0.0,0.16666666666666666,0.3333333333333333,0.0,0.16666666666666666,0.0,0.0,0.0,0.16666666666666666,0.16666666666666666
201730524,0.3333333333333333,0.3333333333333333,0.3157894736842105,0.15789473684210525,0.15789473684210525,0.15789473684210525,0.5,0.5,0.15789473684210525,0.3333333333333333,0.0,0.16666666666666666,0.3333333333333333,0.15789473684210525,0.15789473684210525,0.16666666666666666,0.5,0.4,0.5,0.5,0.8333333333333334,0.47368421052631576,0.3157894736842105,0.5,0.0,0.15789473684210525,0.3333333333333333,0.5,0.6666666666666666,0.16666666666666666,0.3157894736842105,0.15789473684210525,0.15789473684210525,0.16666666666666666,0.16666666666666666,0.5,0.0,0.15789473684210525,0.3333333333333333,0.16666666666666666,0.3333333333333333,0.15789473684210525,0.15789473684210525,0.3333333333333333,0.0,0.3333333333333333,0.3333333333333333,0.5,0.15789473684210525,0.0,0.47368421052631576,0.631578947368421,0.16666666666666666,0.0,0.5,0.15789473684210525,0.3333333333333333,0.16666666666666666,0.47368421052631576,0.47368421052631576,0.3333333333333333,0.0,0.0,0.15789473684210525,0.16666666666666666,0.16666666666666666,0.3333333333333333,0.3333333333333333,0.3333333333333333,0.3157894736842105,0.15789473684210525,0.3333333333333333,0.16666666666666666,0.0,0.47368421052631576,0.15789473684210525
201730014,0.5,0.16666666666666666,0.0,0.0,0.15789473684210525,0.0,0.16666666666666666,0.0,0.631578947368421,0.3333333333333333,0.3333333333333333,0.16666666666666666,0.16666666666666666,0.15789473684210525,0.3157894736842105,0.16666666666666666,0.0,0.4,0.3333333333333333,0.16666666666666666,0.16666666666666666,0.0,0.15789473684210525,0.16666666666666666,0.3333333333333333,0.3157894736842105,0.3333333333333333,0.3333333333333333,0.16666666666666666,0.3333333333333333,0.15789473684210525,0.47368421052631576,0.47368421052631576,0.3333333333333333,0.16666666666666666,0.16666666666666666,0.47368421052631576,0.47368421052631576,0.16666666666666666,0.3333333333333333,0.5,0.15789473684210525,0.3157894736842105,0.3333333333333333,0.3157894736842105,0.16666666666666666,0.16666666666666666,0.0,0.15789473684210525,0.5,0.15789473684210525,0.15789473684210525,0.16666666666666666,0.3333333333333333,0.16666666666666666,0.15789473684210525,0.3333333333333333,0.6666666666666666,0.15789473684210525,0.3157894736842105,0.5,0.3333333333333333,0.15789473684210525,0.0,0.16666666666666666,0.0,0.16666666666666666,0.16666666666666666,0.3333333333333333,0.3157894736842105,0.3157894736842105,0.16666666666666666,0.16666666666666666,0.0,0.15789473684210525,0.15789473684210525
201728738,0.3333333333333333,0.3333333333333333,0.16666666666666666,0.3333333333333333,0.16666666666666666,0.3333333333333333,0.3333333333333333,0.16666666666666666,0.0,0.16666666666666666,0.5,0.16666666666666666,0.3333333333333333,0.0,0.5,0.6666666666666666,0.3333333333333333,0.6,0.16666666666666666,0.16666666666666666,0.16666666666666666,0.3333333333333333,0.5,0.16666666666666666,0.0,0.3333333333333333,0.5,0.16666666666666666,0.16666666666666666,0.16666666666666666,0.5,0.3333333333333333,0.0,0.3333333333333333,0.16666666666666666,0.16666666666666666,0.3333333333333333,0.0,0.3333333333333333,0.3333333333333333,0.3333333333333333,0.5,0.5,0.16666666666666666,0.3333333333333333,0.16666666666666666,0.0,0.16666666666666666,0.16666666666666666,0.0,0.16666666666666666,0.16666666666666666,0.16666666666666666,0.0,0.16666666666666666,0.3333333333333333,0.3333333333333333,0.3333333333333333,0.16666666666666666,0.0,0.3333333333333333,0.0,0.16666666666666666,0.16666666666666666,0.0,0.0,0.3333333333333333,0.3333333333333333,0.0,0.5,0.3333333333333333,0.5,0.5,0.16666666666666666,0.16666666666666666,0.6666666666666666
201632227,0.0,0.16666666666666666,0.0,0.3333333333333333,0.0,0.5,0.0,0.5,0.16666666666666666,0.3333333333333333,0.0,0.16666666666666666,0.3333333333333333,0.3333333333333333,0.0,0.0,0.16666666666666666,0.0,0.16666666666666666,0.3333333333333333,0.3333333333333333,0.16666666666666666,0.16666666666666666,0.3333333333333333,0.16666666666666666,0.0,0.0,0.16666666666666666,0.16666666666666666,0.16666666666666666,0.3333333333333333,0.0,0.16666666666666666,0.0,0.3333333333333333,0.5,0.0,0.16666666666666666,0.3333333333333333,0.16666666666666666,0.0,0.0,0.0,0.16666666666666666,0.16666666666666666,0.3333333333333333,0.16666666666666666,0.3333333333333333,0.3333333333333333,0.16666666666666666,0.3333333333333333,0.16666666666666666,0.16666666666666666,0.16666666666666666,0.0,0.16666666666666666,0.16666666666666666,0.0,0.3333333333333333,0.16666666666666666,0.0,0.16666666666666666,0.16666666666666666,0.0,0.0,0.0,0.3333333333333333,0.16666666666666666,0.3333333333333333,0.0,0.0,0.16666666666666666,0.0,0.0,0.3333333333333333,0.0
201731811,0.3333333333333333,0.5,0.16666666666666666,0.16666666666666666,0.0,0.16666666666666666,0.16666666666666666,0.5,0.0,0.16666666666666666,0.16666666666666666,0.16666666666666666,0.8333333333333334,0.16666666666666666,0.3333333333333333,0.3333333333333333,0.3333333333333333,0.4,0.16666666666666666,0.5,0.3333333333333333,0.3333333333333333,0.5,0.3333333333333333,0.0,0.3333333333333333,0.3333333333333333,0.16666666666666666,0.3333333333333333,0.0,0.8333333333333334,0.16666666666666666,0.0,0.3333333333333333,0.16666666666666666,0.3333333333333333,0.16666666666666666,0.0,0.6666666666666666,0.6666666666666666,0.3333333333333333,0.3333333333333333,0.3333333333333333,0.16666666666666666,0.16666666666666666,0.16666666666666666,0.16666666666666666,0.5,0.16666666666666666,0.16666666666666666,0.3333333333333333,0.5,0.16666666666666666,0.0,0.16666666666666666,0.16666666666666666,0.16666666666666666,0.16666666666666666,0.3333333333333333,0.16666666666666666,0.3333333333333333,0.0,0.3333333333333333,0.16666666666666666,0.3333333333333333,0.3333333333333333,0.0,0.16666666666666666,0.16666666666666666,0.3333333333333333,0.3333333333333333,0.5,0.3333333333333333,0.0,0.3333333333333333,0.3333333333333333
201729765,0.3333333333333333,0.16666666666666666,0.16666666666666666,0.5,0.16666666666666666,0.5,0.6666666666666666,0.16666666666666666,0.3333333333333333,0.5,0.16666666666666666,0.3333333333333333,0.16666666666666666,0.16666666666666666,0.16666666666666666,0.3333333333333333,0.16666666666666666,0.6,0.5,0.5,0.3333333333333333,0.16666666666666666,0.16666666666666666,0.5,0.16666666666666666,0.16666666666666666,0.5,0.6666666666666666,0.3333333333333333,0.5,0.16666666666666666,0.3333333333333333,0.3333333333333333,0.16666666666666666,0.3333333333333333,0.5,0.0,0.3333333333333333,0.16666666666666666,0.16666666666666666,0.3333333333333333,0.3333333333333333,0.16666666666666666,0.5,0.16666666666666666,0.3333333333333333,0.0,0.16666666666666666,0.3333333333333333,0.16666666666666666,0.5,0.3333333333333333,0.3333333333333333,0.16666666666666666,0.3333333333333333,0.3333333333333333,0.5,0.3333333333333333,0.5,0.16666666666666666,0.3333333333333333,0.16666666666666666,0.3333333333333333,0.16666666666666666,0.3333333333333333,0.16666666666666666,0.16666666666666666,0.0,0.3333333333333333,0.5,0.16666666666666666,0.16666666666666666,0.3333333333333333,0.0,0.5,0.3333333333333333
201731559,0.16666666666666666,0.16666666666666666,0.0,0.16666666666666666,0.16666666666666666,0.16666666666666666,0.16666666666666666,0.16666666666666666,0.5,0.3333333333333333,0.16666666666666666,0.16666666666666666,0.16666666666666666,0.5,0.0,0.0,0.16666666666666666,0.2,0.3333333333333333,0.5,0.3333333333333333,0.16666666666666666,0.16666666666666666,0.5,0.3333333333333333,0.0,0.16666666666666666,0.3333333333333333,0.3333333333333333,0.5,0.16666666666666666,0.3333333333333333,0.5,0.0,0.16666666666666666,0.6666666666666666,0.16666666666666666,0.5,0.16666666666666666,0.0,0.16666666666666666,0.0,0.0,0.3333333333333333,0.16666666666666666,0.16666666666666666,0.3333333333333333,0.16666666666666666,0.16666666666666666,0.3333333333333333,0.5,0.3333333333333333,0.16666666666666666,0.3333333333333333,0.16666666666666666,0.16666666666666666,0.3333333333333333,0.3333333333333333,0.5,0.5,0.16666666666666666,0.3333333333333333,0.3333333333333333,0.3333333333333333,0.0,0.3333333333333333,0.16666666666666666,0.3333333333333333,0.0,0.3333333333333333,0.0,0.16666666666666666,0.0,0.0,0.5,0.0
201712877,0.5,0.5,0.15,0.3157894736842105,0.15789473684210525,0.3,0.5,0.16666666666666666,0.15789473684210525,0.3333333333333333,0.3333333333333333,0.16666666666666666,0.3333333333333333,0.0,0.3157894736842105,0.5,0.16666666666666666,1.0,0.3333333333333333,0.3333333333333333,0.3333333333333333,0.15789473684210525,0.3157894736842105,0.3333333333333333,0.0,0.45,0.8333333333333334,0.3333333333333333,0.3333333333333333,0.3333333333333333,0.3157894736842105,0.47368421052631576,0.15,0.3333333333333333,0.16666666666666666,0.5,0.15,0.15789473684210525,0.3333333333333333,0.3333333333333333,0.5,0.6,0.3,0.3333333333333333,0.3157894736842105,0.16666666666666666,0.0,0.16666666666666666,0.15789473684210525,0.0,0.3,0.3157894736842105,0.16666666666666666,0.0,0.3333333333333333,0.15789473684210525,0.3333333333333333,0.5,0.3157894736842105,0.15789473684210525,0.6666666666666666,0.0,0.3157894736842105,0.3157894736842105,0.5,0.0,0.3333333333333333,0.5,0.3333333333333333,0.0,0.45,0.3333333333333333,0.5,0.0,0.3157894736842105,0.47368421052631576
201716206,0.5,0.6666666666666666,0.15,0.15789473684210525,0.15789473684210525,0.3,0.16666666666666666,0.16666666666666666,0.15789473684210525,0.3333333333333333,0.16666666666666666,0.5,0.3333333333333333,0.0,0.47368421052631576,0.3333333333333333,0.16666666666666666,0.6,0.3333333333333333,0.16666666666666666,0.16666666666666666,0.15789473684210525,0.47368421052631576,0.16666666666666666,0.16666666666666666,0.75,0.5,0.3333333333333333,0.16666666666666666,0.0,0.3157894736842105,0.15789473684210525,0.15,0.6666666666666666,0.5,0.16666666666666666,0.3,0.15789473684210525,0.3333333333333333,0.5,0.5,0.6,0.45,0.3333333333333333,0.3157894736842105,0.3333333333333333,0.0,0.16666666666666666,0.47368421052631576,0.3333333333333333,0.15,0.15789473684210525,0.3333333333333333,0.16666666666666666,0.16666666666666666,0.3157894736842105,0.3333333333333333,0.16666666666666666,0.15789473684210525,0.0,0.6666666666666666,0.16666666666666666,0.15789473684210525,0.3157894736842105,0.3333333333333333,0.0,0.3333333333333333,0.16666666666666666,0.0,0.45,0.0,0.3333333333333333,0.5,0.0,0.15789473684210525,0.3157894736842105
201729518,0.3333333333333333,0.5,0.16666666666666666,0.16666666666666666,0.0,0.16666666666666666,0.16666666666666666,0.3333333333333333,0.0,0.16666666666666666,0.16666666666666666,0.16666666666666666,0.5,0.3333333333333333,0.5,0.5,0.5,0.4,0.16666666666666666,0.3333333333333333,0.3333333333333333,0.5,0.5,0.3333333333333333,0.0,0.3333333333333333,0.3333333333333333,0.16666666666666666,0.3333333333333333,0.0,0.5,0.16666666666666666,0.0,0.3333333333333333,0.16666666666666666,0.3333333333333333,0.3333333333333333,0.0,0.5,0.3333333333333333,0.3333333333333333,0.3333333333333333,0.5,0.16666666666666666,0.16666666666666666,0.16666666666666666,0.16666666666666666,0.3333333333333333,0.16666666666666666,0.0,0.3333333333333333,0.3333333333333333,0.16666666666666666,0.0,0.16666666666666666,0.3333333333333333,0.16666666666666666,0.16666666666666666,0.3333333333333333,0.16666666666666666,0.3333333333333333,0.0,0.3333333333333333,0.16666666666666666,0.5,0.16666666666666666,0.5,0.16666666666666666,0.16666666666666666,0.3333333333333333,0.3333333333333333,0.0,0.3333333333333333,0.3333333333333333,0.3333333333333333,0.3333333333333333
201730029,0.3333333333333333,0.5,0.16666666666666666,0.5,0.3333333333333333,0.5,0.3333333333333333,0.16666666666666666,0.0,0.16666666666666666,0.3333333333333333,0.3333333333333333,0.3333333333333333,0.0,0.3333333333333333,0.5,0.16666666666666666,0.6,0.16666666666666666,0.16666666666666666,0.16666666666666666,0.16666666666666666,0.5,0.16666666666666666,0.0,0.5,0.5,0.16666666666666666,0.16666666666666666,0.16666666666666666,0.3333333333333333,0.3333333333333333,0.0,0.5,0.3333333333333333,0.16666666666666666,0.16666666666666666,0.0,0.3333333333333333,0.3333333333333333,0.3333333333333333,0.6666666666666666,0.3333333333333333,0.16666666666666666,0.5,0.16666666666666666,0.0,0.16666666666666666,0.3333333333333333,0.16666666666666666,0.16666666666666666,0.16666666666666666,0.16666666666666666,0.0,0.16666666666666666,0.16666666666666666,0.16666666666666666,0.3333333333333333,0.16666666666666666,0.0,0.3333333333333333,0.0,0.16666666666666666,0.16666666666666666,0.5,0.0,0.3333333333333333,0.3333333333333333,0.0,0.5,0.5,0.3333333333333333,0.0,0.0,0.16666666666666666,0.5
201720561,0.0,0.0,0.0,0.0,0.0,0.0,0.0,0.0,0.0,0.0,0.0,0.0,0.0,0.0,0.15789473684210525,0.16666666666666666,0.16666666666666666,0.0,0.0,0.0,0.0,0.15789473684210525,0.0,0.0,0.0,0.0,0.0,0.0,0.0,0.0,0.0,0.0,0.0,0.0,0.0,0.0,0.15,0.0,0.0,0.0,0.0,0.0,0.15,0.0,0.0,0.0,0.0,0.0,0.0,0.0,0.0,0.0,0.0,0.0,0.0,0.15789473684210525,0.0,0.0,0.0,0.0,0.0,0.0,0.0,0.0,0.16666666666666666,0.0,0.0,0.0,0.0,0.0,0.0,0.3333333333333333,0.0,0.0,0.0,0.0
201711858,0.3333333333333333,0.3333333333333333,0.15789473684210525,0.3157894736842105,0.0,0.3157894736842105,0.3333333333333333,0.3333333333333333,0.3157894736842105,0.5,0.0,0.3333333333333333,0.3333333333333333,0.3157894736842105,0.15789473684210525,0.16666666666666666,0.3333333333333333,0.4,0.5,0.6666666666666666,0.5,0.3157894736842105,0.3157894736842105,0.6666666666666666,0.16666666666666666,0.15789473684210525,0.5,0.5,0.5,0.3333333333333333,0.3157894736842105,0.3157894736842105,0.3157894736842105,0.16666666666666666,0.3333333333333333,0.6666666666666666,0.0,0.3157894736842105,0.3333333333333333,0.16666666666666666,0.3333333333333333,0.21052631578947367,0.15789473684210525,0.5,0.0,0.3333333333333333,0.16666666666666666,0.3333333333333333,0.3157894736842105,0.16666666666666666,0.631578947368421,0.47368421052631576,0.3333333333333333,0.3333333333333333,0.3333333333333333,0.3157894736842105,0.5,0.16666666666666666,0.631578947368421,0.3157894736842105,0.3333333333333333,0.16666666666666666,0.47368421052631576,0.15789473684210525,0.16666666666666666,0.3333333333333333,0.3333333333333333,0.5,0.5,0.3157894736842105,0.15789473684210525,0.3333333333333333,0.16666666666666666,0.0,0.0,0.15789473684210525
201729277,0.3333333333333333,0.3333333333333333,0.15789473684210525,0.47368421052631576,0.15789473684210525,0.3157894736842105,0.3333333333333333,0.16666666666666666,0.0,0.16666666666666666,0.6666666666666666,0.16666666666666666,0.3333333333333333,0.15789473684210525,0.3157894736842105,0.5,0.16666666666666666,0.6,0.16666666666666666,0.16666666666666666,0.16666666666666666,0.15789473684210525,0.47368421052631576,0.16666666666666666,0.16666666666666666,0.3157894736842105,0.5,0.16666666666666666,0.16666666666666666,0.16666666666666666,0.47368421052631576,0.3157894736842105,0.0,0.3333333333333333,0.16666666666666666,0.16666666666666666,0.15789473684210525,0.0,0.3333333333333333,0.3333333333333333,0.3333333333333333,0.47368421052631576,0.3157894736842105,0.16666666666666666,0.3157894736842105,0.3333333333333333,0.16666666666666666,0.16666666666666666,0.15789473684210525,0.0,0.15789473684210525,0.15789473684210525,0.3333333333333333,0.16666666666666666,0.16666666666666666,0.15789473684210525,0.16666666666666666,0.3333333333333333,0.15789473684210525,0.0,0.3333333333333333,0.16666666666666666,0.15789473684210525,0.15789473684210525,0.6666666666666666,0.0,0.3333333333333333,0.3333333333333333,0.0,0.47368421052631576,0.3157894736842105,0.3333333333333333,0.5,0.0,0.15789473684210525,0.0
