Major,semester,mean_no counterfactual,mean_50%,mean_100%,mean_150%,diff_50%,pval_50%,tag_50%,diff_100%,pval_100%,tag_100%,diff_150%,pval_150%,tag_150%
Administración,201610,0.17169026592865347,0.1747273631478964,0.1724755673238758,0.17930189306204575,0.003037097219242918,0.29556926331726924,Not significant,0.0007853013952223431,0.7772095857028725,Not significant,0.007611627133392279,0.005449875650268356,Significant
Antropología,201610,0.763416703587747,2.044969553612693,,,1.281552850024946,0.0,Significant,,,NA,,,NA
Arquitectura,201610,0.22946864409741544,0.250651477874845,0.289356276983856,0.32681928326002013,0.02118283377742955,1.833905193737187e-24,Significant,0.059887632886440584,1.3559250614484572e-176,Significant,0.0973506391626047,0.0,Significant
Artes,201610,0.3711566812134234,0.5053183219771401,0.7549596584904523,1.351626218503672,0.13416164076371673,2.034528585105547e-247,Significant,0.38380297727702894,0.0,Significant,0.9804695372902487,6.324093079862055e-89,Significant
Biología,201610,0.37841627195740035,0.5851936178130369,1.0139041356784548,1.7918211523617986,0.20677734585563656,0.0,Significant,0.6354878637210545,0.0,Significant,1.4134048804043982,0.0,Significant
Cpol,201610,0.34185429047225385,0.43928879162946005,0.6202048646023078,0.9860659347793324,0.0974345011572062,4.164840190977197e-181,Significant,0.278350574130054,0.0,Significant,0.6442116443070784,0.0,Significant
Derecho,201610,0.27801796768471365,0.3844923288760536,0.543071475441228,0.8574257598206452,0.10647436119133996,0.0,Significant,0.2650535077565144,0.0,Significant,0.5794077921359315,0.0,Significant
Diseño,201610,0.1989575411872002,0.22772320030060078,0.25752812302345823,0.3366342815490755,0.028765659113400593,1.2652488447693738e-39,Significant,0.058570581836258045,3.235522466835536e-137,Significant,0.1376767403618753,0.0,Significant
Economía,201610,0.22807521824863947,0.27832475407124024,0.3635124262402115,0.46484776037385295,0.05024953582260078,4.654809117758713e-137,Significant,0.13543720799157205,0.0,Significant,0.23677254212521348,0.0,Significant
Filosofía,201610,0.5694394525682289,0.8103503262028764,1.8304610733159596,3.61439424446856,0.24091087363464747,0.0,Significant,1.2610216207477307,0.0,Significant,3.044954791900331,0.0,Significant
Física,201610,0.41606328437664997,0.5943347217689677,0.8885402543378548,1.448278854045405,0.17827143739231777,3.4876086985493997e-252,Significant,0.4724769699612048,0.0,Significant,1.0322155696687552,0.0,Significant
Geociencias,201610,0.17583646766606464,0.28545608917110893,0.48317560709569146,0.5651829974244633,0.10961962150504428,0.0,Significant,0.3073391394296268,0.0,Significant,0.3893465297583987,0.0,Significant
GobPolítica,201610,0.3493879580706478,0.3922207670633503,0.4642877145873652,0.7274169044355684,0.042832808992702476,4.686545955639115e-13,Significant,0.11489975651671736,5.046080966711101e-83,Significant,0.37802894636492057,7.154717537740004e-162,Significant
Historia,201610,0.14829715122622636,0.14829715122622636,0.30196081165036515,0.30196081165036515,0.0,1.0,Not significant,0.1536636604241388,0.0,Significant,0.1536636604241388,0.0,Significant
IngAmbiental,201610,0.40578489753209723,0.6895887484870489,1.4835718701765874,4.866384964742733,0.28380385095495164,0.0,Significant,1.0777869726444902,0.0,Significant,4.460600067210636,0.0,Significant
IngBiomédica,201610,0.28172080694346496,0.40855985019262436,0.7588982258576439,1.4428317141471387,0.1268390432491594,8.144875933616607e-204,Significant,0.4771774189141789,0.0,Significant,1.1611109072036738,4.966233465121327e-255,Significant
IngCivil,201610,0.44950249152262517,0.7607841158828749,1.8237270673591675,,0.3112816243602497,0.0,Significant,1.3742245758365423,1.4038830154603802e-128,Significant,,,NA
IngElectrónica,201610,0.5125775309611222,1.1181486118304478,4.20251696210695,,0.6055710808693255,0.0,Significant,3.6899394311458273,0.0,Significant,,,NA
IngEléctrica,201610,1.9248415601193585,,,,,,NA,,,NA,,,NA
IngIndustrial,201610,0.21183439067102464,0.26836876774434226,0.36996415190813225,0.5295640169196638,0.056534377073317627,1.1818165377506212e-38,Significant,0.15812976123710762,5.571484517628538e-197,Significant,0.3177296262486392,0.0,Significant
IngMecánica,201610,0.3973029752178381,0.5682915970438368,0.9040725124883341,1.8920426510868364,0.17098862182599872,0.0,Significant,0.506769537270496,0.0,Significant,1.4947396758689984,0.0,Significant
IngQuímica,201610,0.39668405991083916,0.6703990972392848,1.3170484707882724,3.2399935758574188,0.27371503732844565,0.0,Significant,0.9203644108774331,0.0,Significant,2.8433095159465798,0.0,Significant
IngSistemas,201610,0.5603814231160807,0.99686159534891,2.4312485383405926,,0.4364801722328292,0.0,Significant,1.8708671152245118,0.0,Significant,,,NA
Literatura,201610,0.22330061861433567,0.27376057235750706,0.3589275250455208,0.5154123245160255,0.05045995374317139,1.5708386214928912e-157,Significant,0.1356269064311851,0.0,Significant,0.2921117059016898,0.0,Significant
Medicina,201610,0.3726425815469069,0.7113946473738941,1.9496646283201269,,0.33875206582698725,0.0,Significant,1.5770220467732199,0.0,Significant,,,NA
Microbiología,201610,0.9652437301077815,2.099804488379594,,,1.1345607582718125,3.539745007156061e-217,Significant,,,NA,,,NA
Música,201610,0.397283867550118,0.6702296508759898,1.7890913200576248,6.579632806047901,0.2729457833258718,0.0,Significant,1.3918074525075068,0.0,Significant,6.182348938497783,0.0,Significant
Psicología,201610,0.41512797068971347,0.6987818631947555,0.9126557491675923,,0.2836538925050421,0.0,Significant,0.4975277784778788,0.0,Significant,,,NA
Química,201610,0.5541160347321441,1.2546513090572269,4.876596471542283,,0.7005352743250828,0.0,Significant,4.322480436810139,0.0,Significant,,,NA
total,201610,0.38303968854480536,0.5560085743773533,0.921106831145618,1.85201424276921,0.17296888583254794,0.0,Significant,0.5380671426008126,0.0,Significant,1.4689745542244046,0.0,Significant
Arquitectura,201620,0.15990969152582066,0.15897344761265014,0.16896894624990363,0.1770209648486781,-0.0009362439131705147,0.7262764251282665,Not significant,0.009059254724082977,0.0004395516293345072,Significant,0.017111273322857445,3.3290725260091105e-11,Significant
Artes,201620,0.30172449442550325,0.32024765921777126,0.36036865180982947,0.3909236362447621,0.01852316479226801,7.489779672838442e-14,Significant,0.05864415738432621,6.652001185522439e-128,Significant,0.08919914181925886,2.666149403361344e-287,Significant
Biología,201620,,,,,,,NA,,,NA,,,NA
Cpol,201620,0.2220062448724737,0.24304849704681686,0.2688448551044365,0.2812073836411746,0.021042252174343162,1.5739448729111607e-11,Significant,0.04683861023196281,3.094578778092389e-50,Significant,0.059201138768700895,7.134615146401587e-77,Significant
Economía,201620,0.1084749550818963,0.1324196025239053,0.15606800405564172,0.15560565287106182,0.023944647442009012,1.9935121599775617e-19,Significant,0.04759304897374543,2.1180038163549208e-62,Significant,0.047130697789165524,5.848288289191967e-54,Significant
Física,201620,0.11271758096948559,0.12177516820217067,0.1755511057733063,0.23702685280194338,0.009057587232685085,1.103422334655704e-05,Significant,0.0628335248038207,1.8844668957694224e-103,Significant,0.1243092718324578,0.0,Significant
GobPolítica,201620,0.0986393782917321,0.26290977398705306,0.37133107029444634,,0.16427039569532098,3.942027900362213e-108,Significant,0.27269169200271426,7.093799191636755e-90,Significant,,,NA
HistArte,201620,0.17282934461878335,0.20818063761350397,0.2478547682870505,0.3058336440076253,0.03535129299472062,6.560446759357244e-88,Significant,0.07502542366826714,0.0,Significant,0.13300429938884195,0.0,Significant
IngAmbiental,201620,0.15484702728782204,0.15484702728782204,0.1588585416816063,0.1588585416816063,0.0,1.0,Not significant,0.004011514393784249,0.1525730028031944,Not significant,0.004011514393784249,0.1525730028031944,Not significant
IngBiomédica,201620,0.239034010128082,0.25770420217403794,0.2885139453513401,0.3234074341781274,0.018670192045955936,2.210579805375417e-18,Significant,0.04947993522325811,2.3572453840932915e-118,Significant,0.08437342405004539,0.0,Significant
IngMecánica,201620,0.17513414954291331,0.15664099328802247,0.15245640814127187,0.1661653349094531,-0.01849315625489084,1.8885628115539794e-09,Significant,-0.022677741401641444,2.957807088612249e-15,Significant,-0.00896881463346022,0.001479763598420981,Significant
IngSistemas,201620,0.24722797545016864,0.2584562321073569,0.2860634005811666,0.3106113944759427,0.011228256657188268,8.740021362160966e-07,Significant,0.03883542513099794,2.5425321969305847e-67,Significant,0.06338341902577407,4.118062601751768e-168,Significant
Medicina,201620,0.288783504746761,0.29220283126934804,0.3817956511065761,0.4139399993800799,0.0034193265225870295,0.5079161801362695,Not significant,0.09301214635981508,4.268980695025859e-76,Significant,0.1251564946333189,2.562883560752322e-184,Significant
Microbiología,201620,0.12714429410225908,0.16709896252505654,0.17195129154346372,,0.03995466842279746,1.4072721941641343e-16,Significant,0.04480699744120464,9.754619399287477e-22,Significant,,,NA
Música,201620,0.30576018808777433,0.26562389250429425,,,-0.040136295583480086,0.0077864316522492285,Significant,,,NA,,,NA
Psicología,201620,0.11565579791141062,0.11565579791141062,0.14843406158417147,0.14843406158417147,0.0,1.0,Not significant,0.03277826367276085,3.9415089959745485e-25,Significant,0.03277826367276085,3.9415089959745485e-25,Significant
total,201620,0.15691803171232171,0.14779625511481387,0.1163276201149774,0.16026363932212404,-0.009121776597507847,0.016924560874145973,Significant,-0.04059041159734432,4.032901233032753e-15,Significant,0.00334560760980232,0.45783384448352704,Not significant
Administración,201710,0.15121828595982476,0.15552864912533598,0.16578111932793896,0.17354415546018515,0.004310363165511227,0.09249257645628577,Not significant,0.014562833368114203,4.018761967337342e-09,Significant,0.02232586950036039,2.0181130023562722e-19,Significant
Antropología,201710,0.4556964267291363,0.6378423702627672,1.089652696624702,2.5709051208610925,0.18214594353363095,0.0,Significant,0.6339562698955656,0.0,Significant,2.1152086941319563,5.8891649005897774e-276,Significant
Arquitectura,201710,0.2519503972932748,0.3088951359838067,0.4268113731696217,0.5807042692283472,0.056944738690531904,5.189067974647034e-183,Significant,0.1748609758763469,0.0,Significant,0.3287538719350724,0.0,Significant
Artes,201710,0.5550310586982413,1.0419364228628445,3.1543938453846434,,0.48690536416460317,0.0,Significant,2.599362786686402,0.0,Significant,,,NA
Biología,201710,0.4284218673999157,0.7548831295741101,1.7333352605905836,10.505190311418685,0.32646126217419436,0.0,Significant,1.304913393190668,0.0,Significant,10.07676844401877,0.0,Significant
Cpol,201710,0.38947442702640506,0.5183695908246507,0.7592529353228107,1.3532458526251883,0.12889516379824567,0.0,Significant,0.36977850829640563,0.0,Significant,0.9637714255987833,0.0,Significant
Derecho,201710,0.39465815026049106,0.4932012584456975,0.6665446899492087,0.8915075222815786,0.09854310818520645,0.0,Significant,0.2718865396887176,0.0,Significant,0.49684937202108753,0.0,Significant
Diseño,201710,0.14617632875109401,0.19842594303835853,0.3175368357018626,0.6269686954803365,0.05224961428726452,1.2757190627632301e-182,Significant,0.17136050695076857,0.0,Significant,0.4807923667292425,0.0,Significant
Economía,201710,0.17217450125495717,0.21502304993841248,0.2293718165450246,0.2533812462616275,0.042848548683455306,3.1260674858825597e-23,Significant,0.05719731529006741,1.6318494913421047e-43,Significant,0.08120674500667033,3.819008850977224e-95,Significant
Filosofía,201710,0.25180094273198195,0.3343993106375251,0.5138480005698909,0.8996953414232827,0.08259836790554315,2.6735607304907493e-13,Significant,0.26204705783790894,4.506790020286729e-83,Significant,0.6478943986913007,8.51460415229966e-262,Significant
Física,201710,0.331963947472716,0.4625415808366453,0.7121398745371659,1.263957359767654,0.1305776333639293,0.0,Significant,0.38017592706444986,0.0,Significant,0.931993412294938,0.0,Significant
Geociencias,201710,0.5643076660395173,1.242614103220317,,,0.6783064371807997,0.0,Significant,,,NA,,,NA
GobPolítica,201710,0.38886227737379353,0.5434054784964268,0.8241100481271905,1.2890752700710502,0.1545432011226333,0.0,Significant,0.43524777075339693,0.0,Significant,0.9002129926972566,0.0,Significant
Historia,201710,0.6670068378794353,1.0836298314406843,3.6677826689184014,,0.416622993561249,0.0,Significant,3.000775831038966,0.0,Significant,,,NA
IngAmbiental,201710,0.626153502519632,1.5259847866365912,,,0.8998312841169592,0.0,Significant,,,NA,,,NA
IngBiomédica,201710,0.6230120676887874,1.900324373536884,,,1.2773123058480966,0.0,Significant,,,NA,,,NA
IngCivil,201710,0.44205915328964,0.9621456103156998,3.3961825809497173,,0.5200864570260597,0.0,Significant,2.954123427660077,0.0,Significant,,,NA
IngElectrónica,201710,0.6500523634323477,1.72250356751231,,,1.0724512040799623,0.0,Significant,,,NA,,,NA
IngEléctrica,201710,0.9829209952808744,,,,,,NA,,,NA,,,NA
IngIndustrial,201710,0.21386410668775152,0.27093972872255123,0.3943335596970065,0.4781722819850594,0.05707562203479971,2.3934178004003173e-50,Significant,0.180469453009255,9.132391544671314e-303,Significant,0.2643081752973079,0.0,Significant
IngMecánica,201710,0.3341727799104022,0.4834005001755764,0.7553164528142453,1.4447177192560738,0.14922772026517422,1.917370283717237e-273,Significant,0.42114367290384314,0.0,Significant,1.1105449393456717,0.0,Significant
IngQuímica,201710,0.4495456863833074,0.900232656129089,2.140807297195189,,0.4506869697457816,0.0,Significant,1.6912616108118816,0.0,Significant,,,NA
IngSistemas,201710,0.41843303094875534,0.6857087381085116,1.6538496852842024,9.953703703703704,0.2672757071597563,0.0,Significant,1.235416654335447,0.0,Significant,9.53527067275495,0.0,Significant
Literatura,201710,0.30044497328647485,0.5411690743418482,1.4902250885685462,6.624956425082064,0.2407241010553734,0.0,Significant,1.1897801152820713,0.0,Significant,6.324511451795589,0.0,Significant
Matemáticas,201710,0.1672315223817496,0.1672315223817496,0.19153274047835134,0.19153274047835134,0.0,1.0,Not significant,0.02430121809660174,1.0362325284802552e-33,Significant,0.02430121809660174,1.0362325284802552e-33,Significant
Medicina,201710,0.49434355275367703,0.8567039186429601,2.584732260870102,,0.3623603658892831,0.0,Significant,2.090388708116425,0.0,Significant,,,NA
Microbiología,201710,0.7813310992577146,2.755905580531168,,,1.9745744812734531,0.0,Significant,,,NA,,,NA
Música,201710,0.199728572991829,0.24614966627439105,0.3108283828813534,0.4682011700474396,0.046421093282562054,1.1212619352211981e-121,Significant,0.11109980988952439,0.0,Significant,0.2684725970556106,0.0,Significant
Psicología,201710,0.4491311450065716,0.6441478672557984,1.2652981661186733,2.586902220569259,0.19501672224922684,4.577874784561162e-182,Significant,0.8161670211121017,0.0,Significant,2.1377710755626875,0.0,Significant
Química,201710,0.5232457551873223,1.0969582115587775,2.4193545603452487,,0.5737124563714552,0.0,Significant,1.8961088051579265,0.0,Significant,,,NA
total,201710,0.3401126050559205,0.6329966956499153,1.0591812392302604,2.379829336605905,0.29288409059399484,0.0,Significant,0.71906863417434,0.0,Significant,2.0397167315499845,0.0,Significant
Cpol,201720,0.16042573718173594,0.1368790719398392,0.32405137775098025,0.24420831992666503,-0.023546665241896747,4.7351764203640213e-07,Significant,0.1636256405692443,1.2141228868453169e-96,Significant,0.08378258274492908,2.2347301655613825e-50,Significant
Diseño,201720,0.16740125082904267,0.15659479688691202,0.14977840261379857,0.15808278628244254,-0.010806453942130645,0.0008405079883862549,Significant,-0.017622848215244097,6.7744639824144295e-09,Significant,-0.009318464546600125,0.00134811481992958,Significant
Física,201720,0.21608407216407602,0.21608407216407602,0.2348049783993686,0.2348049783993686,0.0,1.0,Not significant,0.018720906235292573,2.815801694652107e-12,Significant,0.018720906235292573,2.815801694652107e-12,Significant
Geociencias,201720,0.2523172051150952,0.28800855800273595,0.3540264504331451,0.46773730522677565,0.03569135288764075,2.389470058782852e-62,Significant,0.10170924531804992,0.0,Significant,0.21542010011168045,0.0,Significant
IngBiomédica,201720,0.16033528292962496,0.16751657770969908,0.18740082490258622,0.20043613882691338,0.007181294780074121,0.0012910730502126632,Significant,0.027065541972961266,3.5738110341119694e-34,Significant,0.04010085589728843,2.6824226195790036e-70,Significant
IngEléctrica,201720,0.2667695744647728,0.2667695744647728,0.32750005642895563,0.32750005642895563,0.0,1.0,Not significant,0.06073048196418285,2.2555692547252574e-131,Significant,0.06073048196418285,2.2555692547252574e-131,Significant
IngIndustrial,201720,0.2003787506033299,0.22669974664851325,0.26549490105964463,0.27379515229494517,0.026320996045183342,1.3140496362628103e-57,Significant,0.06511615045631472,1.8871274297505208e-162,Significant,0.07341640169161526,1.1659643710442648e-171,Significant
IngMecánica,201720,0.14536712581285186,0.1512182493635603,0.1600764770020706,0.17041036540116677,0.005851123550708437,0.03144679121753486,Significant,0.014709351189218733,3.11086395014476e-08,Significant,0.02504323958831492,8.105142965934649e-21,Significant
Literatura,201720,0.10983290165052582,0.11394133985366192,0.1449919842787069,0.16752919339843278,0.004108438203136097,0.06527599048524146,Not significant,0.035159082628181085,9.073013983412832e-38,Significant,0.057696291747906955,1.5580209389900825e-105,Significant
Matemáticas,201720,0.2297625808130945,0.2799373168962368,0.36794904254649624,0.5295481424401633,0.050174736083142296,8.040939225913094e-133,Significant,0.13818646173340174,0.0,Significant,0.2997855616270688,0.0,Significant
Medicina,201720,0.10692914856455586,0.14414396058846868,0.14106198641283843,0.15699961579226226,0.037214812023912816,1.8088962986776714e-27,Significant,0.03413283784828257,1.855280264847994e-18,Significant,0.0500704672277064,6.919146133345037e-35,Significant
Microbiología,201720,0.4380111080400172,0.6956406115591912,1.1726397376136832,2.075047377346461,0.257629503519174,0.0,Significant,0.734628629573666,0.0,Significant,1.6370362693064435,0.0,Significant
Música,201720,0.11191079916350105,0.15810420523785806,,,0.04619340607435701,2.5602048804232197e-37,Significant,,,NA,,,NA
Psicología,201720,0.1482643102529038,0.15530227372656524,0.16469723862296848,0.17611834534991266,0.007037963473661452,0.0036651394965463474,Significant,0.016432928370064687,7.199075063520527e-12,Significant,0.027854035097008872,1.2017522422972973e-30,Significant
Química,201720,1.0318220630621269,3.5131528975656554,,,2.4813308345035283,0.0,Significant,,,NA,,,NA
total,201720,0.1983573956841387,0.17753690229763947,0.17517170742151375,0.17574748736163248,-0.020820493386499245,0.0555869733775534,Not significant,-0.02318568826262496,0.0008501223186580506,Significant,-0.022609908322506228,0.004174685253327984,Significant
Administración,201810,0.1456811934495201,0.16908669401408077,0.1841510641288169,0.2779025056756618,0.023405500564560672,5.883891717570007e-06,Significant,0.0384698706792968,1.059151130479831e-11,Significant,0.13222131222614172,2.0191463268656825e-51,Significant
Antropología,201810,0.199408965313994,0.26299130878658217,0.4042856623077526,0.704988609022781,0.06358234347258818,3.527798914495949e-297,Significant,0.2048766969937586,0.0,Significant,0.505579643708787,0.0,Significant
Arquitectura,201810,0.3489591737794546,0.4166582348744906,0.6102229003995904,0.8551448021764092,0.06769906109503598,4.3073453770399073e-69,Significant,0.26126372662013575,0.0,Significant,0.5061856283969546,0.0,Significant
Biología,201810,0.21861025869216744,0.21861025869216744,0.25682863260499683,0.25682863260499683,0.0,1.0,Not significant,0.038218373912829395,1.6574314057632091e-65,Significant,0.038218373912829395,1.6574314057632091e-65,Significant
Cpol,201810,0.15233918017953213,0.13107823937655871,0.13379778104019613,0.2883776223776224,-0.021260940802973416,7.648448197290136e-05,Significant,-0.018541399139336,0.0007882887955820674,Significant,0.13603844219809025,5.227508996348393e-30,Significant
Derecho,201810,0.2769226495355881,0.36025179605875596,0.4977574065237005,0.7254836338327321,0.08332914652316786,0.0,Significant,0.2208347569881124,0.0,Significant,0.44856098429714397,0.0,Significant
Economía,201810,0.2456820917989526,0.3146932860177374,0.38524540111526684,0.4725274154693163,0.0690111942187848,1.1153782757329696e-31,Significant,0.13956330931631425,1.4246361463510558e-117,Significant,0.22684532367036372,1.4233762220604042e-254,Significant
Filosofía,201810,0.14809887963578897,0.14809887963578897,0.3001780605550282,0.3001780605550282,0.0,1.0,Not significant,0.15207918091923925,0.0,Significant,0.15207918091923925,0.0,Significant
Física,201810,0.7715607068542988,1.3099802114320862,,,0.5384195045777874,0.0,Significant,,,NA,,,NA
GobPolítica,201810,0.13237971203241444,0.09154397019030963,0.112912965776007,0.13197864597251774,-0.04083574184210481,1.294303735262274e-25,Significant,-0.019466746256407444,5.075306158304938e-06,Significant,-0.0004010660598967042,0.9223454515613556,Not significant
HistArte,201810,0.31451731803445354,0.6956208983576797,1.6730248140705477,,0.38110358032322617,0.0,Significant,1.358507496036094,0.0,Significant,,,NA
Historia,201810,0.22674938312913986,0.22674938312913986,,,0.0,1.0,Not significant,,,NA,,,NA
IngAmbiental,201810,0.16352445802880886,0.2411115917716025,0.3196586733110734,0.4477614514269324,0.07758713374279363,1.58337184301595e-221,Significant,0.15613421528226454,0.0,Significant,0.2842369933981236,0.0,Significant
IngBiomédica,201810,0.20187136872310474,0.23177532894554845,0.250438491989482,0.31149275774492013,0.02990396022244371,1.6953202905891748e-15,Significant,0.04856712326637724,2.4657228674810424e-42,Significant,0.1096213890218154,1.1471115198088924e-175,Significant
IngCivil,201810,0.5309316525714551,0.8555185971022685,1.7136892185889994,6.733604504684277,0.3245869445308134,0.0,Significant,1.1827575660175442,0.0,Significant,6.202672852112822,0.0,Significant
IngElectrónica,201810,0.4648963437519088,0.8771239146206091,1.9318328882584204,6.552784295034118,0.4122275708687003,0.0,Significant,1.4669365445065115,0.0,Significant,6.087887951282209,0.0,Significant
IngEléctrica,201810,0.16934789112550352,,,,,,NA,,,NA,,,NA
IngIndustrial,201810,0.19975103105761305,0.22167281920594603,0.24785346970820446,0.2777794164802447,0.021921788148332982,2.5688700423786443e-26,Significant,0.04810243865059141,4.0954296142164546e-116,Significant,0.07802838542263163,4.6132368118049346e-272,Significant
IngMecánica,201810,0.25049788764730757,0.2820128295347391,0.3795585796188447,0.46253942863755415,0.031514941887431536,4.896320691649485e-23,Significant,0.12906069197153713,0.0,Significant,0.21204154099024658,0.0,Significant
IngQuímica,201810,0.38273309841625386,0.5079264747945187,0.8479834714297599,1.3443562744360555,0.12519337637826483,3.791249743554152e-147,Significant,0.4652503730135061,0.0,Significant,0.9616231760198017,0.0,Significant
IngSistemas,201810,0.24443479818930683,0.3542740570101221,0.4310764269226449,0.5960855142422657,0.10983925882081527,0.0,Significant,0.1866416287333381,0.0,Significant,0.35165071605295894,0.0,Significant
Literatura,201810,0.15999301788785725,0.17452938700062534,0.1933173301107573,0.2172432624883996,0.014536369112768094,1.8141146019601913e-13,Significant,0.033324312222900054,1.7374216621764862e-62,Significant,0.057250244600542344,3.4951772485715804e-166,Significant
Matemáticas,201810,0.2371402553010626,0.28924180191499277,0.37881521869584905,0.5422078641517275,0.052101546613930155,1.9415285934791512e-148,Significant,0.14167496339478644,0.0,Significant,0.30506760885066486,0.0,Significant
Medicina,201810,0.3536477146044234,0.5819835242804279,1.1060970559052574,2.468639484194585,0.22833580967600448,0.0,Significant,0.752449341300834,0.0,Significant,2.1149917695901617,0.0,Significant
Microbiología,201810,0.193658476449497,0.21953435197038798,0.2576616602548423,0.31333974149307947,0.02587587552089099,8.879613122898493e-42,Significant,0.06400318380534528,1.3103575952044983e-226,Significant,0.11968126504358248,0.0,Significant
Música,201810,0.19108380805533517,0.23865803814091566,0.3016315544929572,0.43206381427987617,0.04757423008558048,1.1473873288665355e-158,Significant,0.11054774643762202,0.0,Significant,0.240980006224541,0.0,Significant
Psicología,201810,0.1756183154424831,0.20895864949974421,0.2972499243865411,0.3568499543946934,0.03334033405726111,1.2135508574810113e-40,Significant,0.12163160894405797,0.0,Significant,0.1812316389522103,0.0,Significant
Química,201810,0.13271916792451816,0.13271916792451816,0.17442194319480409,0.17442194319480409,0.0,1.0,Not significant,0.04170277527028593,1.2054831715870224e-113,Significant,0.04170277527028593,1.2054831715870224e-113,Significant
total,201810,0.27233796582206493,0.3305132405484039,0.39906823813224296,0.5120621335056161,0.05817527472633899,1.054258840589134e-130,Significant,0.12673027231017803,0.0,Significant,0.2397241676835512,0.0,Significant
Administración,201820,0.17724348196518908,0.17724348196518908,0.18495575465317912,0.18495575465317912,0.0,1.0,Not significant,0.007712272687990046,0.0074717125825923625,Significant,0.007712272687990046,0.0074717125825923625,Significant
Antropología,201820,0.15510554625383305,0.24610280103895124,0.3684745450003266,,0.09099725478511819,1.6092386390868577e-168,Significant,0.21336899874649357,8.340199060766796e-69,Significant,,,NA
Arquitectura,201820,0.21982723537270427,0.2419575189259545,0.28124804824514243,0.2833069039078174,0.022130283553250224,4.578477040575253e-20,Significant,0.06142081287243817,1.880148709981052e-136,Significant,0.06347966853511311,1.1922703810265847e-134,Significant
Cpol,201820,0.25032227242210164,0.29607217710418793,0.3520171984103616,0.4217696425824822,0.045749904682086284,4.4381500729801876e-110,Significant,0.10169492598825997,0.0,Significant,0.17144737016038053,0.0,Significant
Derecho,201820,0.34820353672693366,0.3776970533156762,0.43391359476164076,0.4502082152435693,0.029493516588742552,5.7707543612565e-06,Significant,0.0857100580347071,1.6905813476317363e-22,Significant,0.10200467851663564,2.872503141346982e-23,Significant
Diseño,201820,0.21669092797558176,0.23205391653315938,0.24158038236768872,0.2632707157124241,0.015362988557577617,9.058263315804178e-09,Significant,0.024889454392106963,1.1597991880011835e-21,Significant,0.04657978773684235,1.6415122818094472e-68,Significant
Economía,201820,0.12614411567114014,0.14131335067168962,0.1524785035794166,0.1521187539459715,0.01516923500054948,1.0438858996044523e-07,Significant,0.02633438790827647,1.1904425619075596e-19,Significant,0.025974638274831346,1.9759622343752552e-19,Significant
Física,201820,0.3850866019555125,0.5399590971888518,0.8094982130136803,1.4447948209771213,0.15487249523333935,0.0,Significant,0.4244116110581678,0.0,Significant,1.059708219021609,0.0,Significant
Geociencias,201820,0.7875768704327816,1.793047408241426,,,1.0054705378086446,0.0,Significant,,,NA,,,NA
GobPolítica,201820,0.11669470584582982,0.14854313291121193,0.24743678253460846,0.2504592021758278,0.031848427065382115,3.079940628268498e-32,Significant,0.13074207668877863,1.705268470693866e-247,Significant,0.13376449632999798,4.276032197730784e-278,Significant
IngAmbiental,201820,0.30253144406229115,0.33077124049371776,0.4034471416320516,0.44667503848780693,0.0282397964314266,3.5076692726974327e-35,Significant,0.10091569756976043,0.0,Significant,0.14414359442551578,0.0,Significant
IngBiomédica,201820,0.2118898212304241,0.2421703130119117,0.2674917708848419,0.2975545217261723,0.03028049178148759,2.7017092683458654e-46,Significant,0.05560194965441778,3.5325743765634476e-145,Significant,0.0856647004957482,3.7845029817744224e-304,Significant
IngCivil,201820,0.1998289542661031,0.3494188859955302,0.41167826789701506,0.4288413118657854,0.14958993172942714,1.920602539785431e-106,Significant,0.21184931363091197,2.9352059175290976e-162,Significant,0.2290123575996823,1.0669801634988399e-170,Significant
IngElectrónica,201820,0.2697498239988015,0.30023449825000287,0.349892889435418,0.4096595407387348,0.030484674251201382,1.0379789089076156e-51,Significant,0.08014306543661653,0.0,Significant,0.1399097167399333,0.0,Significant
IngEléctrica,201820,0.4603052999673264,0.5618861549257146,0.9613796864406177,1.2702898422980495,0.1015808549583882,0.0,Significant,0.5010743864732913,0.0,Significant,0.8099845423307231,0.0,Significant
IngMecánica,201820,0.1313874159883798,0.1361462807544833,0.1278463945766408,0.15554689937811247,0.004758864766103488,0.1875542901914266,Not significant,-0.0035410214117390093,0.3403479322797476,Not significant,0.024159483389732672,3.712579599842799e-11,Significant
IngQuímica,201820,0.30154182942286173,0.3896931222558757,0.49589993783804837,0.6786964470710402,0.08815129283301398,1.487236819445445e-231,Significant,0.19435810841518664,0.0,Significant,0.3771546176481784,0.0,Significant
IngSistemas,201820,0.2212079828095249,0.2566762402459805,0.2825005052786734,0.3157755624704698,0.035468257436455625,6.53592140995157e-20,Significant,0.061292522469148486,1.0500735156129245e-53,Significant,0.0945675796609449,3.360397662221435e-103,Significant
Literatura,201820,0.21949121610488576,0.26076810391127986,0.4299611133639606,0.5996847144290354,0.0412768878063941,1.4469017679661959e-122,Significant,0.21046989725907483,0.0,Significant,0.3801934983241496,0.0,Significant
Medicina,201820,0.22178870898979744,0.25617637588423536,0.35069371549489087,0.4106699829955362,0.034387666894437924,1.414250662882994e-13,Significant,0.12890500650509343,5.830629753243056e-148,Significant,0.18888127400573876,5.935676906180361e-274,Significant
Microbiología,201820,0.21751446470154429,0.21751446470154429,0.2585837233765356,0.2585837233765356,0.0,1.0,Not significant,0.04106925867499134,1.904601809546605e-72,Significant,0.04106925867499134,1.904601809546605e-72,Significant
Música,201820,0.11797654350119448,0.18633631839997536,0.2510463705332136,0.27067022866328033,0.06835977489878088,2.384513931910382e-160,Significant,0.13306982703201914,2.196189925745012e-191,Significant,0.15269368516208587,3.3211620231072986e-209,Significant
Psicología,201820,0.18977371557118944,0.22717126252332717,0.2783599912044588,0.3553987625514716,0.037397546952137734,7.379835064964107e-88,Significant,0.08858627563326937,0.0,Significant,0.1656250469802822,0.0,Significant
total,201820,0.20049302061425472,0.22635485434889013,0.2804922237623421,0.2804422889841968,0.02586183373463541,1.4856796681927384e-27,Significant,0.0799992031480874,1.1495332652286236e-201,Significant,0.0799492683699421,1.761243571602985e-192,Significant
